{"trx_token_attr": [0.20478203118618926, 0.11974456002073973, 0.02812356290010092, -0.07170879884247389, -0.0696589830210445, -0.03603202481600798, -0.10380638002154165, 0.034131745292017145, -0.016091610064690558, 0.06662443128772262, 0.08471242830386351, 0.017058103242099495, -0.002045498176504099, 0.0707362502778765, 0.09556609855128381, 0.011194162118787366, 0.06898510297039896, 0.03326745991696568, 0.02170811191611517, 0.029056943369386606, 0.060185890352499195, 0.11619888167491368, -0.009799829925062021, -0.004064749079675431, 0.014693711395626518, 0.053980854980656565, 0.06434249580967404, 0.10000340828182996, 0.06725089610909356, 0.08258405157148027, 0.016518888338556265, 0.21770870416829885], "lbtp_token_attr": [-0.2191831582202679, -0.11947974154251836, -0.1242895060920599, -0.13700128206230325, -0.13773643443669578, 0.03553647856282746, -0.039722853845552575, -0.03360640365602754, -0.3230794132865167, -0.4775625434071632, -0.1703879942403725, -0.047301853712335654, -0.005337438184976997, -0.014872500681132944, 0.035121265973927646, -0.10469889352956882, -0.09673978237426224, -0.014369842758768141, -0.04729429674702211, -0.01609800112755378, -0.0658233477332099, -0.003439274342930269, -0.04001417564738412, 0.010058226759539171, -0.09584719567838855, -0.205889123999609, -0.08878293891076058, -0.04026490227946902, -0.10291431397997208, -0.14513393861615345, -0.04936455537869173, -0.12543694084156443], "trx_tokens": ["Material", "design", "ripple", "effects", "toolbar", "buttons", "are", "clipped", "book", "marks", "bar", "bottom", "edge", "ripple", "animation", "toolbar", "navigation", "buttons", "back", "forward", "reload", "clipped", "top", "edge", "book", "marks", "bar", "This", "recent", "regression", "M", "51"], "lbtp_tokens": ["Material", "design", "ripple", "effects", "toolbar", "buttons", "are", "clipped", "book", "marks", "bar", "bottom", "edge", "ripple", "animation", "toolbar", "navigation", "buttons", "back", "forward", "reload", "clipped", "top", "edge", "book", "marks", "bar", "This", "recent", "regression", "M", "51"]}