{
  "trx_token_attr": [
    0.49849169293640565,
    0.22798715323559912,
    0.12474888663066755,
    0.09744410979319126,
    0.026470820522323888,
    0.005678878098663176,
    0.09756486135978251,
    0.11849028021476227,
    0.11579605545964188,
    0.1069760946513639,
    0.013995676934220797,
    0.00786795525013005,
    0.19907162923320892,
    0.15719328870456892,
    0.18608511905313072,
    0.2950122453691102,
    0.05259576875383659,
    0.06050112972204293,
    0.05440835372063317,
    0.12174371433053023,
    0.14107156911949198,
    0.013909920608976507,
    0.031155985150600207,
    0.3572610436196249,
    0.10115587508822978,
    0.11588217652564509,
    0.028424640399876088,
    0.02831975465605283,
    0.12683614713147887,
    0.06210943683129682,
    0.06617044417944624
  ],
  "bert_token_attr": [
    0.5717744672470246,
    0.10057011404648131,
    0.24843352770361835,
    0.24033049864923506,
    0.05831886930379379,
    0.08111276484517788,
    0.08341160772228914,
    0.006977071881821947,
    0.04457491255712225,
    0.110001993494803295,
    0.010410872674927225,
    0.03530995966485342,
    0.061017991411046336,
    0.16939234818697196,
    0.1451859927365073,
    0.0418930469944648,
    0.006671991990990499,
    0.04362737114952565,
    0.009256150434780997,
    0.016099356429239747,
    0.0054176567529770625,
    0.03600838134068514,
    0.0399703025977835,
    -0.043073739238963155,
    0.03579443831058245,
    0.01288040465708944,
    0.0517496900854276,
    0.06010424206185972,
    0.40560356276484116,
    0.08932958018644965,
    0.007486273047777136,
    -0.0352150604708681,
    0.2897068000318878
  ],
  "deberta_token_attr": [
    0.407915687359679,
    0.3585053579730853,
    0.05359528593307304,
    0.05463846437845646,
    0.10671066221319687,
    0.1898454467446025,
    0.061982499294436555,
    0.02476432159983882,
    0.10702314837738645,
    -0.07827760307688991,
    0.08528499263336245,
    0.08173423582276647,
    0.07409153132886145,
    0.0524372765635056,
    0.07439430238942794,
    0.05778728052453037,
    0.09569519007769445,
    -0.016546917949568155,
    0.13567622218094869,
    0.024427379914810077,
    0.06044433857851207,
    -0.019637891664897284,
    0.07338699954918594,
    0.04387663524561553,
    0.0639135121544368,
    0.1018066939053713,
    0.08601839706360155,
    -0.12157850219455481,
    -0.03357521191352266,
    0.015216688367902255,
    0.03106300763816737
  ],
  "roberta_token_attr": [
    0.038175706448899775,
    0.05654462294575383,
    0.038608259678948306,
    0.020294297504178962,
    0.05662763487109231,
    0.07573820219823835,
    -0.01489239611704929,
    0.17348560902803029,
    0.12495777145472968,
    -0.16887494738685327,
    -0.2311183381045946,
    -0.05406311285554041,
    0.08493681746980797,
    0.09645592173864433,
    0.018024966399715923,
    -0.011193227393040394,
    -0.019258263852590194,
    0.030265738439145286,
    -0.06099957814424314,
    -0.04751711436054292,
    -0.07724587386666741,
    -0.26113272747387595,
    -0.06359386275133275,
    0.07422251010498514,
    -0.006842433953820822,
    0.04451149038093327,
    0.1677802857035181,
    -0.21272582471026472,
    -0.18629110526230486,
    -0.02528305447832835,
    0.03350717222313942
  ],
  "codebert_token_attr": [
    0.46733599685973526,
    -0.010079070487084472,
    0.038757280089103355,
    0.07575418305173723,
    0.18595580657619903,
    0.14985090080688312,
    0.06748189777399538,
    -0.19915293046833238,
    0.06758678909189987,
    0.21294541260874958,
    0.10338354252790301,
    0.02782788303032165,
    -0.02655656070412942,
    0.08446197386712318,
    0.1442001085218464,
    0.0188383205014765,
    0.10892145293304404,
    0.07706904227373139,
    0.06446285822856167,
    0.09261990888796806,
    0.14536795654336115,
    0.10765250647314413,
    0.028982261621730118,
    -0.14204135580458463,
    0.027473294509448014,
    0.07741814955328359,
    0.03866177698404013,
    -0.16284480013559446,
    0.06133289864369091,
    0.01854198847237918,
    0.08553126398849446
  ],
  "lbtp_token_attr": [
    -0.2234384239166101,
    0.03903887920934188,
    -0.14939356936859055,
    0.05620076014505265,
    0.21730446748902768,
    0.05681912216302145,
    0.001106682589276336,
    -0.19321025422084287,
    -0.3620915119427943,
    0.03626645465531517,
    -0.023124243172399212,
    0.0436463288774268,
    0.08640420501572163,
    0.17537636293087058,
    0.41768305206097783,
    0.006861624562375465,
    0.14864727678715675,
    -0.008502595708355591,
    -0.031201222567013798,
    -0.03923833931348584,
    0.027942283152207606,
    0.05314056036880021,
    0.05183466230104888,
    -0.04500035220831426,
    -0.12992130719712022,
    0.053685651582778514,
    -0.021335278583917653,
    -0.06957036072042798,
    -0.044926525167644164,
    -0.07426215658174506,
    0.07893332939826286
  ],
  "tokens": [
    "Material",
    "design",
    "ripple",
    "effects",
    "toolbar",
    "buttons",
    "clipped",
    "book",
    "marks",
    "bar",
    "bottom",
    "edge",
    "ripple",
    "animation",
    "toolbar",
    "navigation",
    "buttons",
    "back",
    "forward",
    "reload",
    "clipped",
    "top",
    "edge",
    "book",
    "marks",
    "bar",
    "This",
    "recent",
    "regression",
    "M",
    "51"
  ]
}