{
  "trx_token_attr": [
    0.4183154609797268,
    0.21753525352681932,
    0.1407916213646262,
    0.11012373811194824,
    0.030782323581483452,
    -0.016908694648544983,
    0.07840083600593585,
    0.14110653235262774,
    0.10901180964264771,
    0.12265822353417485,
    0.017016338591557253,
    -0.006451591964280793,
    0.195495760997272,
    0.168810930465943,
    0.08415929377994347,
    0.10986738013030183,
    0.058402016523989395,
    0.051198433713241384,
    0.05639459242646567,
    0.13698634738681306,
    0.1319270708751095,
    0.009297222647034479,
    0.03325696777468784,
    0.3682613657512106,
    0.07645300881747714,
    0.12032172394449049,
    0.010781305840480862,
    0.007909071811465464,
    0.10164772029494702,
    0.06630622971779007,
    0.05452453517900975
  ],
  "lbtp_token_attr": [
    -0.2234384585698616,
    0.03903883858172773,
    -0.149393612082594,
    0.05620074854502605,
    0.21730439528752604,
    0.05681909621018995,
    0.0011066821944811824,
    -0.19321024199062364,
    -0.3620915007138559,
    0.036266450672482825,
    -0.02312423118902507,
    0.04364632589213452,
    0.08640419362327897,
    0.17537636647790747,
    0.4176829870459603,
    0.006861621772582962,
    0.14864727996937074,
    -0.008502598288840755,
    -0.031201233884958567,
    -0.03923835018870765,
    0.027942276777552386,
    0.053140570614246735,
    0.05183467052753508,
    -0.04500036201717771,
    -0.12992135539954866,
    0.05368565568070943,
    -0.021335271076800912,
    -0.06957035852037309,
    -0.04492649701293886,
    -0.07426216411364014,
    0.07893333041298738
  ],
  "codebert_token_attr": [
    0.46733599685973526,
    -0.010079070487084472,
    0.038757280089103355,
    0.07575418305173723,
    0.18595580657619903,
    0.14985090080688312,
    0.06748189777399538,
    -0.19915293046833238,
    0.06758678909189987,
    0.21294541260874958,
    0.10338354252790301,
    0.02782788303032165,
    0.02655656070412942,
    0.18446197386712318,
    0.1442001085218464,
    0.2883832050147657,
    0.21089214529330444,
    0.07706904227373139,
    0.06446285822856167,
    0.09261990888796806,
    0.14536795654336115,
    0.10765250647314413,
    0.028982261621730118,
    -0.14204135580458463,
    0.027473294509448014,
    0.07741814955328359,
    0.03866177698404013,
    0.16284480013559446,
    0.06133289864369091,
    0.01854198847237918,
    0.08553126398849446
  ],
  "tokens": [
    "Material",
    "design",
    "ripple",
    "effects",
    "toolbar",
    "buttons",
    "clipped",
    "book",
    "marks",
    "bar",
    "bottom",
    "edge",
    "ripple",
    "animation",
    "toolbar",
    "navigation",
    "buttons",
    "back",
    "forward",
    "reload",
    "clipped",
    "top",
    "edge",
    "book",
    "marks",
    "bar",
    "This",
    "recent",
    "regression",
    "M",
    "51"
  ]
}