{"0": {"precision": 0.76, "recall": 0.5757575757575758, "f1-score": 0.6551724137931034, "support": 33.0}, "1": {"precision": 0.2028985507246377, "recall": 0.19444444444444445, "f1-score": 0.19858156028368795, "support": 72.0}, "2": {"precision": 0.42857142857142855, "recall": 0.42857142857142855, "f1-score": 0.42857142857142855, "support": 7.0}, "3": {"precision": 0.041666666666666664, "recall": 0.2, "f1-score": 0.06896551724137931, "support": 5.0}, "4": {"precision": 0.0, "recall": 0.0, "f1-score": 0.0, "support": 1.0}, "5": {"precision": 0.5652173913043478, "recall": 0.45348837209302323, "f1-score": 0.5032258064516129, "support": 86.0}, "6": {"precision": 0.0, "recall": 0.0, "f1-score": 0.0, "support": 5.0}, "7": {"precision": 0.1875, "recall": 0.15, "f1-score": 0.16666666666666663, "support": 20.0}, "8": {"precision": 0.26666666666666666, "recall": 0.4, "f1-score": 0.32, "support": 10.0}, "9": {"precision": 0.21428571428571427, "recall": 0.5, "f1-score": 0.3, "support": 6.0}, "10": {"precision": 0.4722222222222222, "recall": 0.3541666666666667, "f1-score": 0.4047619047619048, "support": 48.0}, "11": {"precision": 0.0, "recall": 0.0, "f1-score": 0.0, "support": 9.0}, "12": {"precision": 0.28169014084507044, "recall": 0.3389830508474576, "f1-score": 0.30769230769230765, "support": 59.0}, "13": {"precision": 0.041666666666666664, "recall": 0.1111111111111111, "f1-score": 0.06060606060606061, "support": 9.0}, "14": {"precision": 0.0, "recall": 0.0, "f1-score": 0.0, "support": 8.0}, "accuracy": 0.328042328042328, "macro avg": {"precision": 0.23082569653022805, "recall": 0.24710150996611382, "f1-score": 0.22761624440454342, "support": 378.0}, "weighted avg": {"precision": 0.3673796046735131, "recall": 0.328042328042328, "f1-score": 0.34127517036467986, "support": 378.0}, "top3_accuracy": 0.6931216931216931, "run_name": "dev_summary_sp_tokens_LBTPDeberta_u4_16_classes_seed66", "model_location": "/work/disa_lab/projects/triagerx/models/dev_summary_sp_tokens_LBTPDeberta_u4_16_classes_seed66.pt"}