{
  "0": {
    "precision": 0.7407407407407407,
    "recall": 0.47619047619047616,
    "f1-score": 0.5797101449275363,
    "support": 42.0
  },
  "1": {
    "precision": 0.3617021276595745,
    "recall": 0.265625,
    "f1-score": 0.30630630630630634,
    "support": 64.0
  },
  "2": {
    "precision": 0.5,
    "recall": 0.2857142857142857,
    "f1-score": 0.36363636363636365,
    "support": 7.0
  },
  "3": {
    "precision": 0.0,
    "recall": 0.0,
    "f1-score": 0.0,
    "support": 3.0
  },
  "4": {
    "precision": 0.0,
    "recall": 0.0,
    "f1-score": 0.0,
    "support": 1.0
  },
  "5": {
    "precision": 0.5043478260869565,
    "recall": 0.7073170731707317,
    "f1-score": 0.5888324873096447,
    "support": 82.0
  },
  "6": {
    "precision": 1.0,
    "recall": 0.16666666666666666,
    "f1-score": 0.2857142857142857,
    "support": 6.0
  },
  "7": {
    "precision": 0.21739130434782608,
    "recall": 0.2,
    "f1-score": 0.20833333333333331,
    "support": 25.0
  },
  "8": {
    "precision": 0.2631578947368421,
    "recall": 0.38461538461538464,
    "f1-score": 0.3125,
    "support": 13.0
  },
  "9": {
    "precision": 0.38461538461538464,
    "recall": 0.7142857142857143,
    "f1-score": 0.5,
    "support": 7.0
  },
  "10": {
    "precision": 0.5869565217391305,
    "recall": 0.5294117647058824,
    "f1-score": 0.5567010309278351,
    "support": 51.0
  },
  "11": {
    "precision": 0.16666666666666666,
    "recall": 0.14285714285714285,
    "f1-score": 0.15384615384615383,
    "support": 7.0
  },
  "12": {
    "precision": 0.39705882352941174,
    "recall": 0.391304347826087,
    "f1-score": 0.39416058394160586,
    "support": 69.0
  },
  "13": {
    "precision": 0.05555555555555555,
    "recall": 0.08333333333333333,
    "f1-score": 0.06666666666666667,
    "support": 12.0
  },
  "14": {
    "precision": 0.0,
    "recall": 0.0,
    "f1-score": 0.0,
    "support": 5.0
  },
  "accuracy": 0.4289340101522843,
  "macro avg": {
    "precision": 0.3452128563785393,
    "recall": 0.28982141262438027,
    "f1-score": 0.2877604904406487,
    "support": 394.0
  },
  "weighted avg": {
    "precision": 0.44626874801673855,
    "recall": 0.4289340101522843,
    "f1-score": 0.4231777238305534,
    "support": 394.0
  },
  "top3_accuracy": 0.7106598984771574,
  "run_name": "dev_raw_data_ensemble_base_u3_15_classes_seed66",
  "model_location": "/work/disa_lab/projects/triagerx/models/dev_raw_data_ensemble_base_u3_15_classes_seed66.pt"
}