{"0": {"precision": 0.7441860465116279, "recall": 0.8205128205128205, "f1-score": 0.7804878048780488, "support": 78.0}, "1": {"precision": 0.6444444444444445, "recall": 0.5686274509803921, "f1-score": 0.6041666666666666, "support": 51.0}, "2": {"precision": 0.0, "recall": 0.0, "f1-score": 0.0, "support": 14.0}, "3": {"precision": 1.0, "recall": 0.25, "f1-score": 0.4, "support": 4.0}, "4": {"precision": 0.6097560975609756, "recall": 0.7731958762886598, "f1-score": 0.6818181818181818, "support": 97.0}, "5": {"precision": 0.8760330578512396, "recall": 0.8502673796791443, "f1-score": 0.8629579375848032, "support": 374.0}, "accuracy": 0.7880258899676376, "macro avg": {"precision": 0.6457366077280479, "recall": 0.5437672545768361, "f1-score": 0.5549050984912834, "support": 618.0}, "weighted avg": {"precision": 0.7794431770135144, "recall": 0.7880258899676376, "f1-score": 0.7802155033552877, "support": 618.0}, "test_accuracy": 0.7880258899676376, "run_name": "comp_summary_description_LBTPDeberta_u5_6_classes_seed42", "model_location": "/work/disa_lab/projects/triagerx/models/comp_summary_description_LBTPDeberta_u5_6_classes_seed42.pt"}