{"0": {"precision": 0.8125, "recall": 0.7647058823529411, "f1-score": 0.787878787878788, "support": 85.0}, "1": {"precision": 0.6097560975609756, "recall": 0.5813953488372093, "f1-score": 0.5952380952380952, "support": 43.0}, "2": {"precision": 0.3333333333333333, "recall": 0.2, "f1-score": 0.25, "support": 5.0}, "3": {"precision": 0.0, "recall": 0.0, "f1-score": 0.0, "support": 2.0}, "4": {"precision": 0.75, "recall": 0.624, "f1-score": 0.6812227074235807, "support": 125.0}, "5": {"precision": 0.8273195876288659, "recall": 0.8966480446927374, "f1-score": 0.8605898123324396, "support": 358.0}, "accuracy": 0.7928802588996764, "macro avg": {"precision": 0.5554848364205291, "recall": 0.5111248793138147, "f1-score": 0.5291549004788173, "support": 618.0}, "weighted avg": {"precision": 0.7878302447134671, "recall": 0.7928802588996764, "f1-score": 0.7881212399804143, "support": 618.0}, "test_accuracy": 0.7928802588996764, "run_name": "comp_sp_tokens_LBTPDeberta_u5_6_classes_seed92", "model_location": "/work/disa_lab/projects/triagerx/models/comp_sp_tokens_LBTPDeberta_u5_6_classes_seed92.pt"}