{
  "0": {
    "precision": 0.0,
    "recall": 0.0,
    "f1-score": 0.0,
    "support": 3.0
  },
  "1": {
    "precision": 0.2727272727272727,
    "recall": 0.375,
    "f1-score": 0.3157894736842105,
    "support": 8.0
  },
  "2": {
    "precision": 0.0,
    "recall": 0.0,
    "f1-score": 0.0,
    "support": 10.0
  },
  "3": {
    "precision": 0.5714285714285714,
    "recall": 0.24,
    "f1-score": 0.33802816901408445,
    "support": 50.0
  },
  "4": {
    "precision": 0.0,
    "recall": 0.0,
    "f1-score": 0.0,
    "support": 0.0
  },
  "5": {
    "precision": 0.0,
    "recall": 0.0,
    "f1-score": 0.0,
    "support": 0.0
  },
  "6": {
    "precision": 0.0,
    "recall": 0.0,
    "f1-score": 0.0,
    "support": 1.0
  },
  "7": {
    "precision": 0.2,
    "recall": 0.18518518518518517,
    "f1-score": 0.1923076923076923,
    "support": 81.0
  },
  "8": {
    "precision": 0.0,
    "recall": 0.0,
    "f1-score": 0.0,
    "support": 12.0
  },
  "9": {
    "precision": 0.0,
    "recall": 0.0,
    "f1-score": 0.0,
    "support": 5.0
  },
  "10": {
    "precision": 0.14285714285714285,
    "recall": 1.0,
    "f1-score": 0.25,
    "support": 1.0
  },
  "11": {
    "precision": 0.3125,
    "recall": 0.18518518518518517,
    "f1-score": 0.2325581395348837,
    "support": 27.0
  },
  "12": {
    "precision": 0.45112781954887216,
    "recall": 0.5882352941176471,
    "f1-score": 0.5106382978723405,
    "support": 102.0
  },
  "14": {
    "precision": 0.6,
    "recall": 0.2,
    "f1-score": 0.3,
    "support": 15.0
  },
  "15": {
    "precision": 0.5,
    "recall": 0.25,
    "f1-score": 0.3333333333333333,
    "support": 8.0
  },
  "16": {
    "precision": 0.0,
    "recall": 0.0,
    "f1-score": 0.0,
    "support": 0.0
  },
  "17": {
    "precision": 0.0,
    "recall": 0.0,
    "f1-score": 0.0,
    "support": 0.0
  },
  "18": {
    "precision": 0.3333333333333333,
    "recall": 0.23333333333333334,
    "f1-score": 0.27450980392156865,
    "support": 30.0
  },
  "19": {
    "precision": 0.1590909090909091,
    "recall": 0.19444444444444445,
    "f1-score": 0.17500000000000002,
    "support": 36.0
  },
  "20": {
    "precision": 0.0,
    "recall": 0.0,
    "f1-score": 0.0,
    "support": 0.0
  },
  "21": {
    "precision": 0.2608695652173913,
    "recall": 0.42857142857142855,
    "f1-score": 0.3243243243243243,
    "support": 14.0
  },
  "22": {
    "precision": 0.25,
    "recall": 0.16666666666666666,
    "f1-score": 0.2,
    "support": 6.0
  },
  "23": {
    "precision": 0.3448275862068966,
    "recall": 0.5882352941176471,
    "f1-score": 0.4347826086956522,
    "support": 17.0
  },
  "25": {
    "precision": 0.2608695652173913,
    "recall": 0.23076923076923078,
    "f1-score": 0.24489795918367346,
    "support": 26.0
  },
  "26": {
    "precision": 0.25,
    "recall": 0.5,
    "f1-score": 0.3333333333333333,
    "support": 2.0
  },
  "27": {
    "precision": 0.2,
    "recall": 0.11764705882352941,
    "f1-score": 0.14814814814814817,
    "support": 17.0
  },
  "28": {
    "precision": 0.29591836734693877,
    "recall": 0.47540983606557374,
    "f1-score": 0.36477987421383645,
    "support": 61.0
  },
  "29": {
    "precision": 0.39285714285714285,
    "recall": 0.44,
    "f1-score": 0.4150943396226415,
    "support": 25.0
  },
  "31": {
    "precision": 0.0,
    "recall": 0.0,
    "f1-score": 0.0,
    "support": 14.0
  },
  "32": {
    "precision": 0.14285714285714285,
    "recall": 0.5,
    "f1-score": 0.22222222222222224,
    "support": 2.0
  },
  "33": {
    "precision": 0.18181818181818182,
    "recall": 0.15384615384615385,
    "f1-score": 0.16666666666666669,
    "support": 13.0
  },
  "34": {
    "precision": 0.0,
    "recall": 0.0,
    "f1-score": 0.0,
    "support": 13.0
  },
  "35": {
    "precision": 0.0,
    "recall": 0.0,
    "f1-score": 0.0,
    "support": 0.0
  },
  "36": {
    "precision": 0.3191489361702128,
    "recall": 0.1485148514851485,
    "f1-score": 0.20270270270270271,
    "support": 101.0
  },
  "37": {
    "precision": 0.0,
    "recall": 0.0,
    "f1-score": 0.0,
    "support": 4.0
  },
  "38": {
    "precision": 0.0,
    "recall": 0.0,
    "f1-score": 0.0,
    "support": 0.0
  },
  "40": {
    "precision": 0.03225806451612903,
    "recall": 0.06666666666666667,
    "f1-score": 0.043478260869565216,
    "support": 15.0
  },
  "41": {
    "precision": 0.0,
    "recall": 0.0,
    "f1-score": 0.0,
    "support": 16.0
  },
  "42": {
    "precision": 0.0,
    "recall": 0.0,
    "f1-score": 0.0,
    "support": 5.0
  },
  "accuracy": 0.2702702702702703,
  "macro avg": {
    "precision": 0.16601255387675715,
    "recall": 0.1863515545968677,
    "f1-score": 0.15442552178592,
    "support": 740.0
  },
  "weighted avg": {
    "precision": 0.2908276742452032,
    "recall": 0.2702702702702703,
    "f1-score": 0.2626626352417571,
    "support": 740.0
  },
  "top3_accuracy": 0.5243243243243243,
  "run_name": "dev_raw_data_ensemble_weighted_u3_42_classes_seed66",
  "model_location": "/work/disa_lab/projects/triagerx/models/dev_raw_data_ensemble_weighted_u3_42_classes_seed66.pt"
}