{
  "1": {
    "precision": 0.0,
    "recall": 0.0,
    "f1-score": 0.0,
    "support": 1.0
  },
  "2": {
    "precision": 0.16666666666666666,
    "recall": 0.05555555555555555,
    "f1-score": 0.08333333333333333,
    "support": 18.0
  },
  "3": {
    "precision": 0.0,
    "recall": 0.0,
    "f1-score": 0.0,
    "support": 0.0
  },
  "4": {
    "precision": 0.3333333333333333,
    "recall": 0.5,
    "f1-score": 0.4,
    "support": 2.0
  },
  "5": {
    "precision": 0.0,
    "recall": 0.0,
    "f1-score": 0.0,
    "support": 6.0
  },
  "6": {
    "precision": 0.0,
    "recall": 0.0,
    "f1-score": 0.0,
    "support": 0.0
  },
  "7": {
    "precision": 0.0,
    "recall": 0.0,
    "f1-score": 0.0,
    "support": 1.0
  },
  "8": {
    "precision": 0.4727272727272727,
    "recall": 0.4406779661016949,
    "f1-score": 0.45614035087719296,
    "support": 59.0
  },
  "9": {
    "precision": 0.047619047619047616,
    "recall": 0.1111111111111111,
    "f1-score": 0.06666666666666667,
    "support": 9.0
  },
  "10": {
    "precision": 0.75,
    "recall": 0.75,
    "f1-score": 0.75,
    "support": 12.0
  },
  "11": {
    "precision": 0.6666666666666666,
    "recall": 0.18181818181818182,
    "f1-score": 0.28571428571428575,
    "support": 11.0
  },
  "14": {
    "precision": 1.0,
    "recall": 0.25,
    "f1-score": 0.4,
    "support": 4.0
  },
  "15": {
    "precision": 0.0,
    "recall": 0.0,
    "f1-score": 0.0,
    "support": 0.0
  },
  "16": {
    "precision": 0.0,
    "recall": 0.0,
    "f1-score": 0.0,
    "support": 0.0
  },
  "17": {
    "precision": 0.3,
    "recall": 0.25,
    "f1-score": 0.2727272727272727,
    "support": 12.0
  },
  "18": {
    "precision": 0.0,
    "recall": 0.0,
    "f1-score": 0.0,
    "support": 0.0
  },
  "19": {
    "precision": 0.0,
    "recall": 0.0,
    "f1-score": 0.0,
    "support": 17.0
  },
  "20": {
    "precision": 0.0,
    "recall": 0.0,
    "f1-score": 0.0,
    "support": 0.0
  },
  "21": {
    "precision": 0.0,
    "recall": 0.0,
    "f1-score": 0.0,
    "support": 5.0
  },
  "22": {
    "precision": 0.0,
    "recall": 0.0,
    "f1-score": 0.0,
    "support": 2.0
  },
  "23": {
    "precision": 0.18181818181818182,
    "recall": 0.5,
    "f1-score": 0.26666666666666666,
    "support": 4.0
  },
  "25": {
    "precision": 0.0,
    "recall": 0.0,
    "f1-score": 0.0,
    "support": 18.0
  },
  "27": {
    "precision": 0.3235294117647059,
    "recall": 0.21153846153846154,
    "f1-score": 0.2558139534883721,
    "support": 52.0
  },
  "29": {
    "precision": 0.0,
    "recall": 0.0,
    "f1-score": 0.0,
    "support": 8.0
  },
  "30": {
    "precision": 0.3953488372093023,
    "recall": 0.4358974358974359,
    "f1-score": 0.41463414634146334,
    "support": 39.0
  },
  "31": {
    "precision": 0.25,
    "recall": 0.4166666666666667,
    "f1-score": 0.3125,
    "support": 12.0
  },
  "32": {
    "precision": 0.0,
    "recall": 0.0,
    "f1-score": 0.0,
    "support": 5.0
  },
  "34": {
    "precision": 0.25,
    "recall": 0.07142857142857142,
    "f1-score": 0.11111111111111112,
    "support": 14.0
  },
  "35": {
    "precision": 0.08333333333333333,
    "recall": 0.5,
    "f1-score": 0.14285714285714285,
    "support": 2.0
  },
  "37": {
    "precision": 0.0,
    "recall": 0.0,
    "f1-score": 0.0,
    "support": 0.0
  },
  "38": {
    "precision": 0.16666666666666666,
    "recall": 0.4,
    "f1-score": 0.23529411764705882,
    "support": 5.0
  },
  "39": {
    "precision": 0.0,
    "recall": 0.0,
    "f1-score": 0.0,
    "support": 9.0
  },
  "40": {
    "precision": 0.0,
    "recall": 0.0,
    "f1-score": 0.0,
    "support": 0.0
  },
  "41": {
    "precision": 0.21621621621621623,
    "recall": 0.2857142857142857,
    "f1-score": 0.24615384615384617,
    "support": 28.0
  },
  "42": {
    "precision": 0.0,
    "recall": 0.0,
    "f1-score": 0.0,
    "support": 4.0
  },
  "44": {
    "precision": 0.0,
    "recall": 0.0,
    "f1-score": 0.0,
    "support": 2.0
  },
  "45": {
    "precision": 0.0,
    "recall": 0.0,
    "f1-score": 0.0,
    "support": 6.0
  },
  "46": {
    "precision": 0.0,
    "recall": 0.0,
    "f1-score": 0.0,
    "support": 2.0
  },
  "47": {
    "precision": 0.0,
    "recall": 0.0,
    "f1-score": 0.0,
    "support": 12.0
  },
  "49": {
    "precision": 0.0,
    "recall": 0.0,
    "f1-score": 0.0,
    "support": 1.0
  },
  "accuracy": 0.23821989528795812,
  "macro avg": {
    "precision": 0.14009814085053482,
    "recall": 0.13401020589579912,
    "f1-score": 0.11749032233961029,
    "support": 382.0
  },
  "weighted avg": {
    "precision": 0.2681752391720806,
    "recall": 0.23821989528795812,
    "f1-score": 0.23829224396474008,
    "support": 382.0
  },
  "top3_acc": 0.45549738219895286,
  "top5_acc": 0.5732984293193717,
  "top10_acc": 0.7513089005235603,
  "top20_acc": 0.8952879581151832,
  "run_name": "openj9_triagerx_ggggs_50_classes_seed42",
  "model_location": "/work/disa_lab/projects/triagerx/models/openj9/openj9_triagerx_ggggs_50_classes_seed42.pt"
}