{
  "0": {
    "precision": 0.6463414634146342,
    "recall": 0.7910447761194029,
    "f1-score": 0.7114093959731543,
    "support": 67.0
  },
  "1": {
    "precision": 0.5614035087719298,
    "recall": 0.6808510638297872,
    "f1-score": 0.6153846153846153,
    "support": 47.0
  },
  "2": {
    "precision": 0.6,
    "recall": 0.2727272727272727,
    "f1-score": 0.37499999999999994,
    "support": 11.0
  },
  "3": {
    "precision": 0.625,
    "recall": 0.8333333333333334,
    "f1-score": 0.7142857142857143,
    "support": 6.0
  },
  "4": {
    "precision": 0.6153846153846154,
    "recall": 0.7927927927927928,
    "f1-score": 0.6929133858267718,
    "support": 111.0
  },
  "5": {
    "precision": 0.8947368421052632,
    "recall": 0.7686170212765957,
    "f1-score": 0.82689556509299,
    "support": 376.0
  },
  "accuracy": 0.7605177993527508,
  "macro avg": {
    "precision": 0.6571444049460738,
    "recall": 0.6898943766798641,
    "f1-score": 0.6559814460938743,
    "support": 618.0
  },
  "weighted avg": {
    "precision": 0.7844168089002144,
    "recall": 0.7605177993527508,
    "f1-score": 0.7650879272503697,
    "support": 618.0
  },
  "top3_accuracy": 0.9854368932038835,
  "run_name": "comp_raw_data_LBTPDeberta_u5_6_classes_seed41",
  "model_location": "/work/disa_lab/projects/triagerx/models/comp_raw_data_LBTPDeberta_u5_6_classes_seed41.pt"
}