{
  "0": {
    "precision": 0.7093023255813954,
    "recall": 0.7439024390243902,
    "f1-score": 0.7261904761904763,
    "support": 82.0
  },
  "1": {
    "precision": 0.47058823529411764,
    "recall": 0.7441860465116279,
    "f1-score": 0.5765765765765766,
    "support": 43.0
  },
  "2": {
    "precision": 0.25,
    "recall": 0.16666666666666666,
    "f1-score": 0.2,
    "support": 6.0
  },
  "3": {
    "precision": 0.42857142857142855,
    "recall": 0.6,
    "f1-score": 0.5,
    "support": 5.0
  },
  "4": {
    "precision": 0.6424242424242425,
    "recall": 0.8091603053435115,
    "f1-score": 0.7162162162162162,
    "support": 131.0
  },
  "5": {
    "precision": 0.9097222222222222,
    "recall": 0.7464387464387464,
    "f1-score": 0.8200312989045383,
    "support": 351.0
  },
  "accuracy": 0.7524271844660194,
  "macro avg": {
    "precision": 0.568434742348901,
    "recall": 0.6350590339974904,
    "f1-score": 0.5898357613146344,
    "support": 618.0
  },
  "weighted avg": {
    "precision": 0.7856165335206382,
    "recall": 0.7524271844660194,
    "f1-score": 0.7600254402592703,
    "support": 618.0
  },
  "top3_accuracy": 0.9919093851132686,
  "run_name": "comp_summary_sp_tokens_LBTPDeberta_u5_6_classes_seed41",
  "model_location": "/work/disa_lab/projects/triagerx/models/comp_summary_sp_tokens_LBTPDeberta_u5_6_classes_seed41.pt"
}