{
  "0": {
    "precision": 0.0,
    "recall": 0.0,
    "f1-score": 0.0,
    "support": 3.0
  },
  "1": {
    "precision": 0.2,
    "recall": 0.25,
    "f1-score": 0.22222222222222224,
    "support": 8.0
  },
  "2": {
    "precision": 0.0,
    "recall": 0.0,
    "f1-score": 0.0,
    "support": 10.0
  },
  "3": {
    "precision": 0.4722222222222222,
    "recall": 0.34,
    "f1-score": 0.39534883720930236,
    "support": 50.0
  },
  "4": {
    "precision": 0.0,
    "recall": 0.0,
    "f1-score": 0.0,
    "support": 0.0
  },
  "5": {
    "precision": 0.0,
    "recall": 0.0,
    "f1-score": 0.0,
    "support": 0.0
  },
  "6": {
    "precision": 0.0,
    "recall": 0.0,
    "f1-score": 0.0,
    "support": 1.0
  },
  "7": {
    "precision": 0.17857142857142858,
    "recall": 0.18518518518518517,
    "f1-score": 0.18181818181818182,
    "support": 81.0
  },
  "8": {
    "precision": 0.5,
    "recall": 0.16666666666666666,
    "f1-score": 0.25,
    "support": 12.0
  },
  "9": {
    "precision": 0.05263157894736842,
    "recall": 0.2,
    "f1-score": 0.08333333333333333,
    "support": 5.0
  },
  "10": {
    "precision": 0.09090909090909091,
    "recall": 1.0,
    "f1-score": 0.16666666666666669,
    "support": 1.0
  },
  "11": {
    "precision": 0.25,
    "recall": 0.1111111111111111,
    "f1-score": 0.15384615384615383,
    "support": 27.0
  },
  "12": {
    "precision": 0.3670886075949367,
    "recall": 0.5686274509803921,
    "f1-score": 0.4461538461538462,
    "support": 102.0
  },
  "14": {
    "precision": 0.6666666666666666,
    "recall": 0.13333333333333333,
    "f1-score": 0.2222222222222222,
    "support": 15.0
  },
  "15": {
    "precision": 0.4444444444444444,
    "recall": 0.5,
    "f1-score": 0.47058823529411764,
    "support": 8.0
  },
  "16": {
    "precision": 0.0,
    "recall": 0.0,
    "f1-score": 0.0,
    "support": 0.0
  },
  "17": {
    "precision": 0.0,
    "recall": 0.0,
    "f1-score": 0.0,
    "support": 0.0
  },
  "18": {
    "precision": 0.25,
    "recall": 0.06666666666666667,
    "f1-score": 0.10526315789473685,
    "support": 30.0
  },
  "19": {
    "precision": 0.09090909090909091,
    "recall": 0.05555555555555555,
    "f1-score": 0.06896551724137931,
    "support": 36.0
  },
  "20": {
    "precision": 0.0,
    "recall": 0.0,
    "f1-score": 0.0,
    "support": 0.0
  },
  "21": {
    "precision": 0.21739130434782608,
    "recall": 0.35714285714285715,
    "f1-score": 0.27027027027027023,
    "support": 14.0
  },
  "22": {
    "precision": 0.2,
    "recall": 0.16666666666666666,
    "f1-score": 0.1818181818181818,
    "support": 6.0
  },
  "23": {
    "precision": 0.4230769230769231,
    "recall": 0.6470588235294118,
    "f1-score": 0.5116279069767442,
    "support": 17.0
  },
  "25": {
    "precision": 0.23076923076923078,
    "recall": 0.11538461538461539,
    "f1-score": 0.15384615384615388,
    "support": 26.0
  },
  "26": {
    "precision": 0.14285714285714285,
    "recall": 1.0,
    "f1-score": 0.25,
    "support": 2.0
  },
  "27": {
    "precision": 0.15789473684210525,
    "recall": 0.17647058823529413,
    "f1-score": 0.16666666666666669,
    "support": 17.0
  },
  "28": {
    "precision": 0.36,
    "recall": 0.29508196721311475,
    "f1-score": 0.32432432432432434,
    "support": 61.0
  },
  "29": {
    "precision": 0.37037037037037035,
    "recall": 0.4,
    "f1-score": 0.3846153846153846,
    "support": 25.0
  },
  "30": {
    "precision": 0.0,
    "recall": 0.0,
    "f1-score": 0.0,
    "support": 0.0
  },
  "31": {
    "precision": 0.1111111111111111,
    "recall": 0.14285714285714285,
    "f1-score": 0.125,
    "support": 14.0
  },
  "32": {
    "precision": 0.14285714285714285,
    "recall": 0.5,
    "f1-score": 0.22222222222222224,
    "support": 2.0
  },
  "33": {
    "precision": 0.18181818181818182,
    "recall": 0.15384615384615385,
    "f1-score": 0.16666666666666669,
    "support": 13.0
  },
  "34": {
    "precision": 0.0,
    "recall": 0.0,
    "f1-score": 0.0,
    "support": 13.0
  },
  "35": {
    "precision": 0.0,
    "recall": 0.0,
    "f1-score": 0.0,
    "support": 0.0
  },
  "36": {
    "precision": 0.3611111111111111,
    "recall": 0.12871287128712872,
    "f1-score": 0.1897810218978102,
    "support": 101.0
  },
  "37": {
    "precision": 0.0,
    "recall": 0.0,
    "f1-score": 0.0,
    "support": 4.0
  },
  "38": {
    "precision": 0.0,
    "recall": 0.0,
    "f1-score": 0.0,
    "support": 0.0
  },
  "39": {
    "precision": 0.0,
    "recall": 0.0,
    "f1-score": 0.0,
    "support": 0.0
  },
  "40": {
    "precision": 0.0,
    "recall": 0.0,
    "f1-score": 0.0,
    "support": 15.0
  },
  "41": {
    "precision": 0.0,
    "recall": 0.0,
    "f1-score": 0.0,
    "support": 16.0
  },
  "42": {
    "precision": 0.0,
    "recall": 0.0,
    "f1-score": 0.0,
    "support": 5.0
  },
  "accuracy": 0.24324324324324326,
  "macro avg": {
    "precision": 0.15762683866893645,
    "recall": 0.18683823550393405,
    "f1-score": 0.139347979834307,
    "support": 740.0
  },
  "weighted avg": {
    "precision": 0.27953092306162725,
    "recall": 0.24324324324324326,
    "f1-score": 0.2379593514624252,
    "support": 740.0
  },
  "top3_acc": 0.48783783783783785,
  "top5_acc": 0.6135135135135135,
  "top10_acc": 0.7878378378378378,
  "run_name": "cnn_deberta-base_u3_42_classes_seed66",
  "model_location": "/work/disa_lab/projects/triagerx/models/cnn_deberta-base_u3_42_classes_seed66.pt"
}