{
  "0": {
    "precision": 0.7526881720430108,
    "recall": 0.7777777777777778,
    "f1-score": 0.7650273224043715,
    "support": 90.0
  },
  "1": {
    "precision": 0.5873015873015873,
    "recall": 0.6981132075471698,
    "f1-score": 0.6379310344827586,
    "support": 53.0
  },
  "2": {
    "precision": 0.5714285714285714,
    "recall": 0.5714285714285714,
    "f1-score": 0.5714285714285714,
    "support": 7.0
  },
  "3": {
    "precision": 0.26666666666666666,
    "recall": 0.8,
    "f1-score": 0.4,
    "support": 5.0
  },
  "4": {
    "precision": 0.6643356643356644,
    "recall": 0.7421875,
    "f1-score": 0.7011070110701108,
    "support": 128.0
  },
  "5": {
    "precision": 0.8685897435897436,
    "recall": 0.7742857142857142,
    "f1-score": 0.8187311178247734,
    "support": 350.0
  },
  "accuracy": 0.7598736176935229,
  "macro avg": {
    "precision": 0.6185017342275407,
    "recall": 0.7272987951732054,
    "f1-score": 0.6490375095350976,
    "support": 633.0
  },
  "weighted avg": {
    "precision": 0.7792158423942555,
    "recall": 0.7598736176935229,
    "f1-score": 0.766130161926737,
    "support": 633.0
  },
  "top3_acc": 0.985781990521327,
  "run_name": "component_deberta-base_u3_6_classes_seed42",
  "model_location": "/work/disa_lab/projects/triagerx/models/openj9/component_deberta-base_u3_6_classes_seed42.pt"
}