{
  "0": {
    "precision": 0.6103896103896104,
    "recall": 0.7833333333333333,
    "f1-score": 0.6861313868613139,
    "support": 60.0
  },
  "1": {
    "precision": 0.569620253164557,
    "recall": 0.8035714285714286,
    "f1-score": 0.6666666666666666,
    "support": 56.0
  },
  "2": {
    "precision": 0.5714285714285714,
    "recall": 0.36363636363636365,
    "f1-score": 0.4444444444444444,
    "support": 11.0
  },
  "3": {
    "precision": 0.3076923076923077,
    "recall": 0.5714285714285714,
    "f1-score": 0.4,
    "support": 7.0
  },
  "4": {
    "precision": 0.6230769230769231,
    "recall": 0.648,
    "f1-score": 0.6352941176470588,
    "support": 125.0
  },
  "5": {
    "precision": 0.8782051282051282,
    "recall": 0.7632311977715878,
    "f1-score": 0.8166915052160955,
    "support": 359.0
  },
  "accuracy": 0.7362459546925566,
  "macro avg": {
    "precision": 0.593402132326183,
    "recall": 0.6555334824568809,
    "f1-score": 0.60820468680593,
    "support": 618.0
  },
  "weighted avg": {
    "precision": 0.760715093285451,
    "recall": 0.7362459546925566,
    "f1-score": 0.7423853082724299,
    "support": 618.0
  },
  "top3_accuracy": 0.988673139158576,
  "run_name": "comp_summary_sp_tokens_LBTPDeberta_u5_6_classes_seed42",
  "model_location": "/work/disa_lab/projects/triagerx/models/comp_summary_sp_tokens_LBTPDeberta_u5_6_classes_seed42.pt"
}