{
  "0": {
    "precision": 0.0,
    "recall": 0.0,
    "f1-score": 0.0,
    "support": 0.0
  },
  "1": {
    "precision": 0.0,
    "recall": 0.0,
    "f1-score": 0.0,
    "support": 1.0
  },
  "2": {
    "precision": 0.0,
    "recall": 0.0,
    "f1-score": 0.0,
    "support": 18.0
  },
  "3": {
    "precision": 0.0,
    "recall": 0.0,
    "f1-score": 0.0,
    "support": 0.0
  },
  "4": {
    "precision": 0.0,
    "recall": 0.0,
    "f1-score": 0.0,
    "support": 2.0
  },
  "5": {
    "precision": 0.0,
    "recall": 0.0,
    "f1-score": 0.0,
    "support": 6.0
  },
  "7": {
    "precision": 0.0,
    "recall": 0.0,
    "f1-score": 0.0,
    "support": 1.0
  },
  "8": {
    "precision": 0.5,
    "recall": 0.4067796610169492,
    "f1-score": 0.4485981308411215,
    "support": 59.0
  },
  "9": {
    "precision": 0.04,
    "recall": 0.1111111111111111,
    "f1-score": 0.058823529411764705,
    "support": 9.0
  },
  "10": {
    "precision": 0.5625,
    "recall": 0.75,
    "f1-score": 0.6428571428571429,
    "support": 12.0
  },
  "11": {
    "precision": 0.6666666666666666,
    "recall": 0.18181818181818182,
    "f1-score": 0.28571428571428575,
    "support": 11.0
  },
  "12": {
    "precision": 0.0,
    "recall": 0.0,
    "f1-score": 0.0,
    "support": 0.0
  },
  "13": {
    "precision": 0.0,
    "recall": 0.0,
    "f1-score": 0.0,
    "support": 0.0
  },
  "14": {
    "precision": 0.3333333333333333,
    "recall": 0.25,
    "f1-score": 0.28571428571428575,
    "support": 4.0
  },
  "15": {
    "precision": 0.0,
    "recall": 0.0,
    "f1-score": 0.0,
    "support": 0.0
  },
  "16": {
    "precision": 0.0,
    "recall": 0.0,
    "f1-score": 0.0,
    "support": 0.0
  },
  "17": {
    "precision": 0.4166666666666667,
    "recall": 0.4166666666666667,
    "f1-score": 0.4166666666666667,
    "support": 12.0
  },
  "18": {
    "precision": 0.0,
    "recall": 0.0,
    "f1-score": 0.0,
    "support": 0.0
  },
  "19": {
    "precision": 0.06666666666666667,
    "recall": 0.058823529411764705,
    "f1-score": 0.0625,
    "support": 17.0
  },
  "20": {
    "precision": 0.0,
    "recall": 0.0,
    "f1-score": 0.0,
    "support": 0.0
  },
  "21": {
    "precision": 0.2857142857142857,
    "recall": 0.4,
    "f1-score": 0.3333333333333333,
    "support": 5.0
  },
  "22": {
    "precision": 0.0,
    "recall": 0.0,
    "f1-score": 0.0,
    "support": 2.0
  },
  "23": {
    "precision": 0.2,
    "recall": 0.5,
    "f1-score": 0.28571428571428575,
    "support": 4.0
  },
  "24": {
    "precision": 0.0,
    "recall": 0.0,
    "f1-score": 0.0,
    "support": 0.0
  },
  "25": {
    "precision": 0.07142857142857142,
    "recall": 0.05555555555555555,
    "f1-score": 0.0625,
    "support": 18.0
  },
  "27": {
    "precision": 0.23076923076923078,
    "recall": 0.11538461538461539,
    "f1-score": 0.15384615384615388,
    "support": 52.0
  },
  "28": {
    "precision": 0.0,
    "recall": 0.0,
    "f1-score": 0.0,
    "support": 0.0
  },
  "29": {
    "precision": 0.0,
    "recall": 0.0,
    "f1-score": 0.0,
    "support": 8.0
  },
  "30": {
    "precision": 0.4482758620689655,
    "recall": 0.3333333333333333,
    "f1-score": 0.38235294117647056,
    "support": 39.0
  },
  "31": {
    "precision": 0.19047619047619047,
    "recall": 0.3333333333333333,
    "f1-score": 0.24242424242424246,
    "support": 12.0
  },
  "32": {
    "precision": 0.0,
    "recall": 0.0,
    "f1-score": 0.0,
    "support": 5.0
  },
  "33": {
    "precision": 0.0,
    "recall": 0.0,
    "f1-score": 0.0,
    "support": 0.0
  },
  "34": {
    "precision": 1.0,
    "recall": 0.07142857142857142,
    "f1-score": 0.13333333333333333,
    "support": 14.0
  },
  "35": {
    "precision": 0.05555555555555555,
    "recall": 0.5,
    "f1-score": 0.09999999999999999,
    "support": 2.0
  },
  "36": {
    "precision": 0.0,
    "recall": 0.0,
    "f1-score": 0.0,
    "support": 0.0
  },
  "37": {
    "precision": 0.0,
    "recall": 0.0,
    "f1-score": 0.0,
    "support": 0.0
  },
  "38": {
    "precision": 0.14285714285714285,
    "recall": 0.2,
    "f1-score": 0.16666666666666666,
    "support": 5.0
  },
  "39": {
    "precision": 0.0,
    "recall": 0.0,
    "f1-score": 0.0,
    "support": 9.0
  },
  "40": {
    "precision": 0.0,
    "recall": 0.0,
    "f1-score": 0.0,
    "support": 0.0
  },
  "41": {
    "precision": 0.25,
    "recall": 0.10714285714285714,
    "f1-score": 0.15,
    "support": 28.0
  },
  "42": {
    "precision": 0.0,
    "recall": 0.0,
    "f1-score": 0.0,
    "support": 4.0
  },
  "43": {
    "precision": 0.0,
    "recall": 0.0,
    "f1-score": 0.0,
    "support": 0.0
  },
  "44": {
    "precision": 0.0,
    "recall": 0.0,
    "f1-score": 0.0,
    "support": 2.0
  },
  "45": {
    "precision": 0.0,
    "recall": 0.0,
    "f1-score": 0.0,
    "support": 6.0
  },
  "46": {
    "precision": 0.0,
    "recall": 0.0,
    "f1-score": 0.0,
    "support": 2.0
  },
  "47": {
    "precision": 0.0,
    "recall": 0.0,
    "f1-score": 0.0,
    "support": 12.0
  },
  "48": {
    "precision": 0.0,
    "recall": 0.0,
    "f1-score": 0.0,
    "support": 0.0
  },
  "49": {
    "precision": 0.0,
    "recall": 0.0,
    "f1-score": 0.0,
    "support": 1.0
  },
  "accuracy": 0.20157068062827224,
  "macro avg": {
    "precision": 0.11376896192090158,
    "recall": 0.09982036283756124,
    "f1-score": 0.08773010411874486,
    "support": 382.0
  },
  "weighted avg": {
    "precision": 0.2840789409583415,
    "recall": 0.20157068062827224,
    "f1-score": 0.21443607567756315,
    "support": 382.0
  },
  "top3_acc": 0.4581151832460733,
  "top5_acc": 0.581151832460733,
  "top10_acc": 0.7486910994764397,
  "top20_acc": 0.9136125654450262,
  "run_name": "openj9_triagerx_ensemble_u3l2_50_classes_last_dev_seed42",
  "model_location": "/work/disa_lab/projects/triagerx/models/openj9/openj9_triagerx_ensemble_u3l2_50_classes_last_dev_seed42.pt"
}