{
  "1": {
    "precision": 0.0,
    "recall": 0.0,
    "f1-score": 0.0,
    "support": 1.0
  },
  "2": {
    "precision": 0.0,
    "recall": 0.0,
    "f1-score": 0.0,
    "support": 2.0
  },
  "3": {
    "precision": 0.0,
    "recall": 0.0,
    "f1-score": 0.0,
    "support": 6.0
  },
  "5": {
    "precision": 0.05555555555555555,
    "recall": 0.125,
    "f1-score": 0.07692307692307691,
    "support": 8.0
  },
  "6": {
    "precision": 0.5263157894736842,
    "recall": 0.8333333333333334,
    "f1-score": 0.6451612903225806,
    "support": 12.0
  },
  "7": {
    "precision": 0.0,
    "recall": 0.0,
    "f1-score": 0.0,
    "support": 0.0
  },
  "8": {
    "precision": 0.0,
    "recall": 0.0,
    "f1-score": 0.0,
    "support": 0.0
  },
  "10": {
    "precision": 0.35714285714285715,
    "recall": 0.09615384615384616,
    "f1-score": 0.15151515151515152,
    "support": 52.0
  },
  "11": {
    "precision": 0.0,
    "recall": 0.0,
    "f1-score": 0.0,
    "support": 5.0
  },
  "12": {
    "precision": 0.05555555555555555,
    "recall": 0.5,
    "f1-score": 0.09999999999999999,
    "support": 2.0
  },
  "13": {
    "precision": 0.0,
    "recall": 0.0,
    "f1-score": 0.0,
    "support": 0.0
  },
  "14": {
    "precision": 0.0,
    "recall": 0.0,
    "f1-score": 0.0,
    "support": 18.0
  },
  "15": {
    "precision": 0.0,
    "recall": 0.0,
    "f1-score": 0.0,
    "support": 0.0
  },
  "16": {
    "precision": 0.0,
    "recall": 0.0,
    "f1-score": 0.0,
    "support": 1.0
  },
  "17": {
    "precision": 0.39285714285714285,
    "recall": 0.3728813559322034,
    "f1-score": 0.38260869565217387,
    "support": 59.0
  },
  "18": {
    "precision": 0.6666666666666666,
    "recall": 0.18181818181818182,
    "f1-score": 0.28571428571428575,
    "support": 11.0
  },
  "19": {
    "precision": 0.0,
    "recall": 0.0,
    "f1-score": 0.0,
    "support": 0.0
  },
  "20": {
    "precision": 1.0,
    "recall": 0.25,
    "f1-score": 0.4,
    "support": 4.0
  },
  "21": {
    "precision": 0.0,
    "recall": 0.0,
    "f1-score": 0.0,
    "support": 0.0
  },
  "23": {
    "precision": 0.21428571428571427,
    "recall": 0.2727272727272727,
    "f1-score": 0.23999999999999996,
    "support": 11.0
  },
  "24": {
    "precision": 0.07142857142857142,
    "recall": 0.11764705882352941,
    "f1-score": 0.08888888888888889,
    "support": 17.0
  },
  "25": {
    "precision": 0.0,
    "recall": 0.0,
    "f1-score": 0.0,
    "support": 0.0
  },
  "26": {
    "precision": 0.14285714285714285,
    "recall": 0.2,
    "f1-score": 0.16666666666666666,
    "support": 5.0
  },
  "27": {
    "precision": 0.0,
    "recall": 0.0,
    "f1-score": 0.0,
    "support": 2.0
  },
  "28": {
    "precision": 0.1,
    "recall": 0.25,
    "f1-score": 0.14285714285714288,
    "support": 4.0
  },
  "29": {
    "precision": 0.0,
    "recall": 0.0,
    "f1-score": 0.0,
    "support": 0.0
  },
  "30": {
    "precision": 0.2222222222222222,
    "recall": 0.2222222222222222,
    "f1-score": 0.2222222222222222,
    "support": 18.0
  },
  "31": {
    "precision": 0.0,
    "recall": 0.0,
    "f1-score": 0.0,
    "support": 0.0
  },
  "32": {
    "precision": 0.08333333333333333,
    "recall": 0.14285714285714285,
    "f1-score": 0.10526315789473685,
    "support": 7.0
  },
  "33": {
    "precision": 0.375,
    "recall": 0.3076923076923077,
    "f1-score": 0.3380281690140845,
    "support": 39.0
  },
  "34": {
    "precision": 0.3333333333333333,
    "recall": 0.5,
    "f1-score": 0.4,
    "support": 12.0
  },
  "36": {
    "precision": 0.0,
    "recall": 0.0,
    "f1-score": 0.0,
    "support": 14.0
  },
  "37": {
    "precision": 0.0,
    "recall": 0.0,
    "f1-score": 0.0,
    "support": 0.0
  },
  "38": {
    "precision": 0.125,
    "recall": 0.2,
    "f1-score": 0.15384615384615385,
    "support": 5.0
  },
  "39": {
    "precision": 0.0,
    "recall": 0.0,
    "f1-score": 0.0,
    "support": 9.0
  },
  "40": {
    "precision": 0.0,
    "recall": 0.0,
    "f1-score": 0.0,
    "support": 0.0
  },
  "41": {
    "precision": 0.4444444444444444,
    "recall": 0.14285714285714285,
    "f1-score": 0.21621621621621623,
    "support": 28.0
  },
  "42": {
    "precision": 0.0,
    "recall": 0.0,
    "f1-score": 0.0,
    "support": 4.0
  },
  "43": {
    "precision": 0.0,
    "recall": 0.0,
    "f1-score": 0.0,
    "support": 0.0
  },
  "44": {
    "precision": 0.0,
    "recall": 0.0,
    "f1-score": 0.0,
    "support": 2.0
  },
  "45": {
    "precision": 0.0,
    "recall": 0.0,
    "f1-score": 0.0,
    "support": 6.0
  },
  "46": {
    "precision": 0.0,
    "recall": 0.0,
    "f1-score": 0.0,
    "support": 2.0
  },
  "47": {
    "precision": 0.5,
    "recall": 0.08333333333333333,
    "f1-score": 0.14285714285714285,
    "support": 12.0
  },
  "48": {
    "precision": 0.0,
    "recall": 0.0,
    "f1-score": 0.0,
    "support": 0.0
  },
  "49": {
    "precision": 0.0,
    "recall": 0.0,
    "f1-score": 0.0,
    "support": 1.0
  },
  "accuracy": 0.20580474934036938,
  "macro avg": {
    "precision": 0.12591107398124943,
    "recall": 0.10663384883890036,
    "f1-score": 0.09463929467978943,
    "support": 379.0
  },
  "weighted avg": {
    "precision": 0.2821059905700928,
    "recall": 0.20580474934036938,
    "f1-score": 0.21257589027608143,
    "support": 379.0
  },
  "top3_acc": 0.45910290237467016,
  "top5_acc": 0.5672823218997362,
  "top10_acc": 0.712401055408971,
  "top20_acc": 0.8865435356200527,
  "run_name": "cnn_deberta-base_u3_42_classes_most_seed42",
  "model_location": "/work/disa_lab/projects/triagerx/models/openj9/cnn_deberta-base_u3_42_classes_most_seed42.pt"
}