{
  "1": {
    "precision": 0.0,
    "recall": 0.0,
    "f1-score": 0.0,
    "support": 1.0
  },
  "2": {
    "precision": 0.0,
    "recall": 0.0,
    "f1-score": 0.0,
    "support": 2.0
  },
  "3": {
    "precision": 0.0,
    "recall": 0.0,
    "f1-score": 0.0,
    "support": 6.0
  },
  "4": {
    "precision": 0.0,
    "recall": 0.0,
    "f1-score": 0.0,
    "support": 0.0
  },
  "5": {
    "precision": 0.05555555555555555,
    "recall": 0.125,
    "f1-score": 0.07692307692307691,
    "support": 8.0
  },
  "6": {
    "precision": 0.5333333333333333,
    "recall": 0.6666666666666666,
    "f1-score": 0.5925925925925926,
    "support": 12.0
  },
  "10": {
    "precision": 0.23076923076923078,
    "recall": 0.11538461538461539,
    "f1-score": 0.15384615384615388,
    "support": 52.0
  },
  "11": {
    "precision": 0.0,
    "recall": 0.0,
    "f1-score": 0.0,
    "support": 5.0
  },
  "12": {
    "precision": 0.05263157894736842,
    "recall": 0.5,
    "f1-score": 0.09523809523809525,
    "support": 2.0
  },
  "13": {
    "precision": 0.0,
    "recall": 0.0,
    "f1-score": 0.0,
    "support": 0.0
  },
  "14": {
    "precision": 0.16666666666666666,
    "recall": 0.05555555555555555,
    "f1-score": 0.08333333333333333,
    "support": 18.0
  },
  "16": {
    "precision": 0.0,
    "recall": 0.0,
    "f1-score": 0.0,
    "support": 1.0
  },
  "17": {
    "precision": 0.4406779661016949,
    "recall": 0.4406779661016949,
    "f1-score": 0.4406779661016949,
    "support": 59.0
  },
  "18": {
    "precision": 0.5,
    "recall": 0.2727272727272727,
    "f1-score": 0.3529411764705882,
    "support": 11.0
  },
  "19": {
    "precision": 0.0,
    "recall": 0.0,
    "f1-score": 0.0,
    "support": 0.0
  },
  "20": {
    "precision": 0.5,
    "recall": 0.25,
    "f1-score": 0.3333333333333333,
    "support": 4.0
  },
  "21": {
    "precision": 0.0,
    "recall": 0.0,
    "f1-score": 0.0,
    "support": 0.0
  },
  "22": {
    "precision": 0.0,
    "recall": 0.0,
    "f1-score": 0.0,
    "support": 0.0
  },
  "23": {
    "precision": 0.2631578947368421,
    "recall": 0.45454545454545453,
    "f1-score": 0.3333333333333333,
    "support": 11.0
  },
  "24": {
    "precision": 0.15789473684210525,
    "recall": 0.17647058823529413,
    "f1-score": 0.16666666666666669,
    "support": 17.0
  },
  "25": {
    "precision": 0.0,
    "recall": 0.0,
    "f1-score": 0.0,
    "support": 0.0
  },
  "26": {
    "precision": 0.18181818181818182,
    "recall": 0.4,
    "f1-score": 0.25000000000000006,
    "support": 5.0
  },
  "27": {
    "precision": 0.0,
    "recall": 0.0,
    "f1-score": 0.0,
    "support": 2.0
  },
  "28": {
    "precision": 0.2222222222222222,
    "recall": 0.5,
    "f1-score": 0.30769230769230765,
    "support": 4.0
  },
  "29": {
    "precision": 0.0,
    "recall": 0.0,
    "f1-score": 0.0,
    "support": 0.0
  },
  "30": {
    "precision": 0.0,
    "recall": 0.0,
    "f1-score": 0.0,
    "support": 18.0
  },
  "31": {
    "precision": 0.0,
    "recall": 0.0,
    "f1-score": 0.0,
    "support": 0.0
  },
  "32": {
    "precision": 0.16666666666666666,
    "recall": 0.2857142857142857,
    "f1-score": 0.2105263157894737,
    "support": 7.0
  },
  "33": {
    "precision": 0.38095238095238093,
    "recall": 0.20512820512820512,
    "f1-score": 0.26666666666666666,
    "support": 39.0
  },
  "34": {
    "precision": 0.2631578947368421,
    "recall": 0.4166666666666667,
    "f1-score": 0.3225806451612903,
    "support": 12.0
  },
  "36": {
    "precision": 0.25,
    "recall": 0.14285714285714285,
    "f1-score": 0.18181818181818182,
    "support": 14.0
  },
  "37": {
    "precision": 0.0,
    "recall": 0.0,
    "f1-score": 0.0,
    "support": 0.0
  },
  "38": {
    "precision": 0.3333333333333333,
    "recall": 0.2,
    "f1-score": 0.25,
    "support": 5.0
  },
  "39": {
    "precision": 0.16666666666666666,
    "recall": 0.1111111111111111,
    "f1-score": 0.13333333333333333,
    "support": 9.0
  },
  "40": {
    "precision": 0.0,
    "recall": 0.0,
    "f1-score": 0.0,
    "support": 0.0
  },
  "41": {
    "precision": 0.3,
    "recall": 0.10714285714285714,
    "f1-score": 0.15789473684210525,
    "support": 28.0
  },
  "42": {
    "precision": 0.0,
    "recall": 0.0,
    "f1-score": 0.0,
    "support": 4.0
  },
  "43": {
    "precision": 0.0,
    "recall": 0.0,
    "f1-score": 0.0,
    "support": 0.0
  },
  "44": {
    "precision": 0.0,
    "recall": 0.0,
    "f1-score": 0.0,
    "support": 2.0
  },
  "45": {
    "precision": 0.0,
    "recall": 0.0,
    "f1-score": 0.0,
    "support": 6.0
  },
  "46": {
    "precision": 0.0,
    "recall": 0.0,
    "f1-score": 0.0,
    "support": 2.0
  },
  "47": {
    "precision": 0.0,
    "recall": 0.0,
    "f1-score": 0.0,
    "support": 12.0
  },
  "48": {
    "precision": 0.0,
    "recall": 0.0,
    "f1-score": 0.0,
    "support": 0.0
  },
  "49": {
    "precision": 0.0,
    "recall": 0.0,
    "f1-score": 0.0,
    "support": 1.0
  },
  "accuracy": 0.21372031662269128,
  "macro avg": {
    "precision": 0.11739782521247934,
    "recall": 0.12331019063265504,
    "f1-score": 0.10703177079868699,
    "support": 379.0
  },
  "weighted avg": {
    "precision": 0.2561345796729771,
    "recall": 0.21372031662269128,
    "f1-score": 0.21840260303890832,
    "support": 379.0
  },
  "top3_acc": 0.41688654353562005,
  "top5_acc": 0.5435356200527705,
  "top10_acc": 0.712401055408971,
  "top20_acc": 0.8839050131926122,
  "run_name": "cnn_roberta-base_u3_50_classes_last_dev_seed42",
  "model_location": "/work/disa_lab/projects/triagerx/models/openj9/cnn_roberta-base_u3_50_classes_last_dev_seed42.pt"
}