{"0": {"precision": 0.8426966292134831, "recall": 0.7653061224489796, "f1-score": 0.8021390374331551, "support": 98.0}, "1": {"precision": 0.6944444444444444, "recall": 0.5952380952380952, "f1-score": 0.6410256410256411, "support": 42.0}, "2": {"precision": 1.0, "recall": 0.2857142857142857, "f1-score": 0.4444444444444445, "support": 7.0}, "3": {"precision": 1.0, "recall": 0.18181818181818182, "f1-score": 0.3076923076923077, "support": 11.0}, "4": {"precision": 0.6495726495726496, "recall": 0.6846846846846847, "f1-score": 0.6666666666666666, "support": 111.0}, "5": {"precision": 0.8387096774193549, "recall": 0.8939828080229226, "f1-score": 0.8654646324549238, "support": 349.0}, "accuracy": 0.7961165048543689, "macro avg": {"precision": 0.8375705667749886, "recall": 0.5677906963211916, "f1-score": 0.6212387882861897, "support": 618.0}, "weighted avg": {"precision": 0.8002640418309174, "recall": 0.7961165048543689, "f1-score": 0.7897663200874127, "support": 618.0}, "test_accuracy": 0.7961165048543689, "run_name": "comp_summary_sp_tokens_LBTPDeberta_u5_6_classes_seed92", "model_location": "/work/disa_lab/projects/triagerx/models/comp_summary_sp_tokens_LBTPDeberta_u5_6_classes_seed92.pt"}