{
  "0": {
    "precision": 0.23076923076923078,
    "recall": 0.12,
    "f1-score": 0.15789473684210525,
    "support": 25.0
  },
  "1": {
    "precision": 0.0,
    "recall": 0.0,
    "f1-score": 0.0,
    "support": 8.0
  },
  "2": {
    "precision": 0.0,
    "recall": 0.0,
    "f1-score": 0.0,
    "support": 0.0
  },
  "3": {
    "precision": 0.0,
    "recall": 0.0,
    "f1-score": 0.0,
    "support": 0.0
  },
  "4": {
    "precision": 0.14285714285714285,
    "recall": 0.08571428571428572,
    "f1-score": 0.10714285714285714,
    "support": 35.0
  },
  "5": {
    "precision": 0.8,
    "recall": 0.6666666666666666,
    "f1-score": 0.7272727272727272,
    "support": 6.0
  },
  "6": {
    "precision": 0.0,
    "recall": 0.0,
    "f1-score": 0.0,
    "support": 0.0
  },
  "8": {
    "precision": 0.0,
    "recall": 0.0,
    "f1-score": 0.0,
    "support": 0.0
  },
  "9": {
    "precision": 0.0,
    "recall": 0.0,
    "f1-score": 0.0,
    "support": 0.0
  },
  "10": {
    "precision": 0.0,
    "recall": 0.0,
    "f1-score": 0.0,
    "support": 0.0
  },
  "11": {
    "precision": 0.0,
    "recall": 0.0,
    "f1-score": 0.0,
    "support": 0.0
  },
  "12": {
    "precision": 0.0,
    "recall": 0.0,
    "f1-score": 0.0,
    "support": 0.0
  },
  "14": {
    "precision": 0.0,
    "recall": 0.0,
    "f1-score": 0.0,
    "support": 0.0
  },
  "15": {
    "precision": 0.0,
    "recall": 0.0,
    "f1-score": 0.0,
    "support": 1.0
  },
  "16": {
    "precision": 0.15517241379310345,
    "recall": 0.08181818181818182,
    "f1-score": 0.10714285714285714,
    "support": 110.0
  },
  "17": {
    "precision": 0.0,
    "recall": 0.0,
    "f1-score": 0.0,
    "support": 1.0
  },
  "19": {
    "precision": 0.0,
    "recall": 0.0,
    "f1-score": 0.0,
    "support": 0.0
  },
  "21": {
    "precision": 0.0,
    "recall": 0.0,
    "f1-score": 0.0,
    "support": 0.0
  },
  "23": {
    "precision": 0.0,
    "recall": 0.0,
    "f1-score": 0.0,
    "support": 0.0
  },
  "24": {
    "precision": 0.0,
    "recall": 0.0,
    "f1-score": 0.0,
    "support": 0.0
  },
  "26": {
    "precision": 0.0,
    "recall": 0.0,
    "f1-score": 0.0,
    "support": 1.0
  },
  "27": {
    "precision": 0.0,
    "recall": 0.0,
    "f1-score": 0.0,
    "support": 2.0
  },
  "28": {
    "precision": 0.0,
    "recall": 0.0,
    "f1-score": 0.0,
    "support": 0.0
  },
  "31": {
    "precision": 0.20833333333333334,
    "recall": 0.07936507936507936,
    "f1-score": 0.11494252873563218,
    "support": 63.0
  },
  "32": {
    "precision": 0.0,
    "recall": 0.0,
    "f1-score": 0.0,
    "support": 2.0
  },
  "33": {
    "precision": 0.0,
    "recall": 0.0,
    "f1-score": 0.0,
    "support": 0.0
  },
  "34": {
    "precision": 0.0,
    "recall": 0.0,
    "f1-score": 0.0,
    "support": 0.0
  },
  "35": {
    "precision": 0.07692307692307693,
    "recall": 0.2857142857142857,
    "f1-score": 0.12121212121212123,
    "support": 7.0
  },
  "36": {
    "precision": 0.0,
    "recall": 0.0,
    "f1-score": 0.0,
    "support": 0.0
  },
  "37": {
    "precision": 0.15384615384615385,
    "recall": 0.5714285714285714,
    "f1-score": 0.24242424242424246,
    "support": 7.0
  },
  "38": {
    "precision": 0.0,
    "recall": 0.0,
    "f1-score": 0.0,
    "support": 4.0
  },
  "39": {
    "precision": 0.0,
    "recall": 0.0,
    "f1-score": 0.0,
    "support": 0.0
  },
  "40": {
    "precision": 0.0,
    "recall": 0.0,
    "f1-score": 0.0,
    "support": 0.0
  },
  "41": {
    "precision": 0.6363636363636364,
    "recall": 0.4375,
    "f1-score": 0.5185185185185185,
    "support": 32.0
  },
  "42": {
    "precision": 0.07142857142857142,
    "recall": 0.058823529411764705,
    "f1-score": 0.06451612903225808,
    "support": 17.0
  },
  "43": {
    "precision": 0.26666666666666666,
    "recall": 0.19047619047619047,
    "f1-score": 0.2222222222222222,
    "support": 21.0
  },
  "44": {
    "precision": 0.10869565217391304,
    "recall": 0.45454545454545453,
    "f1-score": 0.1754385964912281,
    "support": 11.0
  },
  "45": {
    "precision": 0.0,
    "recall": 0.0,
    "f1-score": 0.0,
    "support": 1.0
  },
  "46": {
    "precision": 0.0,
    "recall": 0.0,
    "f1-score": 0.0,
    "support": 0.0
  },
  "47": {
    "precision": 0.0,
    "recall": 0.0,
    "f1-score": 0.0,
    "support": 0.0
  },
  "48": {
    "precision": 0.5,
    "recall": 0.5952380952380952,
    "f1-score": 0.5434782608695652,
    "support": 42.0
  },
  "49": {
    "precision": 0.225,
    "recall": 0.24324324324324326,
    "f1-score": 0.23376623376623376,
    "support": 37.0
  },
  "50": {
    "precision": 0.0,
    "recall": 0.0,
    "f1-score": 0.0,
    "support": 0.0
  },
  "51": {
    "precision": 0.0,
    "recall": 0.0,
    "f1-score": 0.0,
    "support": 0.0
  },
  "52": {
    "precision": 0.0,
    "recall": 0.0,
    "f1-score": 0.0,
    "support": 0.0
  },
  "53": {
    "precision": 0.0,
    "recall": 0.0,
    "f1-score": 0.0,
    "support": 0.0
  },
  "54": {
    "precision": 0.6923076923076923,
    "recall": 0.07086614173228346,
    "f1-score": 0.1285714285714286,
    "support": 127.0
  },
  "55": {
    "precision": 0.0,
    "recall": 0.0,
    "f1-score": 0.0,
    "support": 0.0
  },
  "56": {
    "precision": 0.625,
    "recall": 0.1111111111111111,
    "f1-score": 0.18867924528301885,
    "support": 45.0
  },
  "57": {
    "precision": 0.0,
    "recall": 0.0,
    "f1-score": 0.0,
    "support": 1.0
  },
  "61": {
    "precision": 0.0,
    "recall": 0.0,
    "f1-score": 0.0,
    "support": 0.0
  },
  "62": {
    "precision": 0.0,
    "recall": 0.0,
    "f1-score": 0.0,
    "support": 0.0
  },
  "63": {
    "precision": 0.047619047619047616,
    "recall": 0.09090909090909091,
    "f1-score": 0.0625,
    "support": 11.0
  },
  "64": {
    "precision": 0.07142857142857142,
    "recall": 0.021739130434782608,
    "f1-score": 0.03333333333333333,
    "support": 46.0
  },
  "65": {
    "precision": 0.0,
    "recall": 0.0,
    "f1-score": 0.0,
    "support": 5.0
  },
  "66": {
    "precision": 0.125,
    "recall": 0.15384615384615385,
    "f1-score": 0.13793103448275862,
    "support": 13.0
  },
  "68": {
    "precision": 0.0,
    "recall": 0.0,
    "f1-score": 0.0,
    "support": 0.0
  },
  "69": {
    "precision": 0.5,
    "recall": 0.2222222222222222,
    "f1-score": 0.30769230769230765,
    "support": 27.0
  },
  "70": {
    "precision": 0.1,
    "recall": 0.14285714285714285,
    "f1-score": 0.11764705882352941,
    "support": 7.0
  },
  "71": {
    "precision": 0.0,
    "recall": 0.0,
    "f1-score": 0.0,
    "support": 0.0
  },
  "72": {
    "precision": 0.0,
    "recall": 0.0,
    "f1-score": 0.0,
    "support": 1.0
  },
  "73": {
    "precision": 0.0,
    "recall": 0.0,
    "f1-score": 0.0,
    "support": 1.0
  },
  "74": {
    "precision": 0.13043478260869565,
    "recall": 0.037037037037037035,
    "f1-score": 0.05769230769230769,
    "support": 81.0
  },
  "75": {
    "precision": 0.3275862068965517,
    "recall": 0.2835820895522388,
    "f1-score": 0.304,
    "support": 67.0
  },
  "76": {
    "precision": 0.0,
    "recall": 0.0,
    "f1-score": 0.0,
    "support": 0.0
  },
  "78": {
    "precision": 0.16666666666666666,
    "recall": 1.0,
    "f1-score": 0.2857142857142857,
    "support": 2.0
  },
  "80": {
    "precision": 0.0,
    "recall": 0.0,
    "f1-score": 0.0,
    "support": 0.0
  },
  "81": {
    "precision": 0.5,
    "recall": 1.0,
    "f1-score": 0.6666666666666666,
    "support": 1.0
  },
  "82": {
    "precision": 0.6666666666666666,
    "recall": 0.16,
    "f1-score": 0.25806451612903225,
    "support": 25.0
  },
  "83": {
    "precision": 0.0,
    "recall": 0.0,
    "f1-score": 0.0,
    "support": 0.0
  },
  "86": {
    "precision": 0.48717948717948717,
    "recall": 0.34545454545454546,
    "f1-score": 0.40425531914893614,
    "support": 55.0
  },
  "87": {
    "precision": 0.0,
    "recall": 0.0,
    "f1-score": 0.0,
    "support": 0.0
  },
  "88": {
    "precision": 0.5,