{
  "1": {
    "precision": 0.0,
    "recall": 0.0,
    "f1-score": 0.0,
    "support": 1.0
  },
  "2": {
    "precision": 0.125,
    "recall": 0.05555555555555555,
    "f1-score": 0.07692307692307691,
    "support": 18.0
  },
  "4": {
    "precision": 0.3333333333333333,
    "recall": 0.5,
    "f1-score": 0.4,
    "support": 2.0
  },
  "5": {
    "precision": 0.0,
    "recall": 0.0,
    "f1-score": 0.0,
    "support": 6.0
  },
  "6": {
    "precision": 0.0,
    "recall": 0.0,
    "f1-score": 0.0,
    "support": 0.0
  },
  "7": {
    "precision": 0.0,
    "recall": 0.0,
    "f1-score": 0.0,
    "support": 1.0
  },
  "8": {
    "precision": 0.4827586206896552,
    "recall": 0.4745762711864407,
    "f1-score": 0.47863247863247865,
    "support": 59.0
  },
  "9": {
    "precision": 0.045454545454545456,
    "recall": 0.1111111111111111,
    "f1-score": 0.06451612903225805,
    "support": 9.0
  },
  "10": {
    "precision": 0.6111111111111112,
    "recall": 0.9166666666666666,
    "f1-score": 0.7333333333333334,
    "support": 12.0
  },
  "11": {
    "precision": 0.6666666666666666,
    "recall": 0.18181818181818182,
    "f1-score": 0.28571428571428575,
    "support": 11.0
  },
  "13": {
    "precision": 0.0,
    "recall": 0.0,
    "f1-score": 0.0,
    "support": 0.0
  },
  "14": {
    "precision": 0.0,
    "recall": 0.0,
    "f1-score": 0.0,
    "support": 4.0
  },
  "15": {
    "precision": 0.0,
    "recall": 0.0,
    "f1-score": 0.0,
    "support": 0.0
  },
  "17": {
    "precision": 0.5,
    "recall": 0.3333333333333333,
    "f1-score": 0.4,
    "support": 12.0
  },
  "18": {
    "precision": 0.0,
    "recall": 0.0,
    "f1-score": 0.0,
    "support": 0.0
  },
  "19": {
    "precision": 0.07692307692307693,
    "recall": 0.058823529411764705,
    "f1-score": 0.06666666666666667,
    "support": 17.0
  },
  "20": {
    "precision": 0.0,
    "recall": 0.0,
    "f1-score": 0.0,
    "support": 0.0
  },
  "21": {
    "precision": 0.25,
    "recall": 0.2,
    "f1-score": 0.22222222222222224,
    "support": 5.0
  },
  "22": {
    "precision": 0.0,
    "recall": 0.0,
    "f1-score": 0.0,
    "support": 2.0
  },
  "23": {
    "precision": 0.2,
    "recall": 0.5,
    "f1-score": 0.28571428571428575,
    "support": 4.0
  },
  "24": {
    "precision": 0.0,
    "recall": 0.0,
    "f1-score": 0.0,
    "support": 0.0
  },
  "25": {
    "precision": 0.15384615384615385,
    "recall": 0.1111111111111111,
    "f1-score": 0.12903225806451615,
    "support": 18.0
  },
  "27": {
    "precision": 0.3076923076923077,
    "recall": 0.3076923076923077,
    "f1-score": 0.3076923076923077,
    "support": 52.0
  },
  "28": {
    "precision": 0.0,
    "recall": 0.0,
    "f1-score": 0.0,
    "support": 0.0
  },
  "29": {
    "precision": 0.0,
    "recall": 0.0,
    "f1-score": 0.0,
    "support": 8.0
  },
  "30": {
    "precision": 0.40476190476190477,
    "recall": 0.4358974358974359,
    "f1-score": 0.4197530864197531,
    "support": 39.0
  },
  "31": {
    "precision": 0.35714285714285715,
    "recall": 0.4166666666666667,
    "f1-score": 0.3846153846153846,
    "support": 12.0
  },
  "32": {
    "precision": 0.0,
    "recall": 0.0,
    "f1-score": 0.0,
    "support": 5.0
  },
  "33": {
    "precision": 0.0,
    "recall": 0.0,
    "f1-score": 0.0,
    "support": 0.0
  },
  "34": {
    "precision": 0.25,
    "recall": 0.07142857142857142,
    "f1-score": 0.11111111111111112,
    "support": 14.0
  },
  "35": {
    "precision": 0.07692307692307693,
    "recall": 0.5,
    "f1-score": 0.13333333333333336,
    "support": 2.0
  },
  "36": {
    "precision": 0.0,
    "recall": 0.0,
    "f1-score": 0.0,
    "support": 0.0
  },
  "38": {
    "precision": 0.2222222222222222,
    "recall": 0.4,
    "f1-score": 0.2857142857142857,
    "support": 5.0
  },
  "39": {
    "precision": 0.25,
    "recall": 0.1111111111111111,
    "f1-score": 0.15384615384615383,
    "support": 9.0
  },
  "40": {
    "precision": 0.0,
    "recall": 0.0,
    "f1-score": 0.0,
    "support": 0.0
  },
  "41": {
    "precision": 0.35294117647058826,
    "recall": 0.21428571428571427,
    "f1-score": 0.26666666666666666,
    "support": 28.0
  },
  "42": {
    "precision": 0.0,
    "recall": 0.0,
    "f1-score": 0.0,
    "support": 4.0
  },
  "44": {
    "precision": 0.0,
    "recall": 0.0,
    "f1-score": 0.0,
    "support": 2.0
  },
  "45": {
    "precision": 0.0,
    "recall": 0.0,
    "f1-score": 0.0,
    "support": 6.0
  },
  "46": {
    "precision": 0.0,
    "recall": 0.0,
    "f1-score": 0.0,
    "support": 2.0
  },
  "47": {
    "precision": 0.0,
    "recall": 0.0,
    "f1-score": 0.0,
    "support": 12.0
  },
  "49": {
    "precision": 0.0,
    "recall": 0.0,
    "f1-score": 0.0,
    "support": 1.0
  },
  "accuracy": 0.2696335078534031,
  "macro avg": {
    "precision": 0.13492326317232142,
    "recall": 0.1404780373160946,
    "f1-score": 0.12394016823100286,
    "support": 382.0
  },
  "weighted avg": {
    "precision": 0.29207027412984105,
    "recall": 0.2696335078534031,
    "f1-score": 0.26844279279678707,
    "support": 382.0
  },
  "top3_acc": 0.46335078534031415,
  "top5_acc": 0.5654450261780105,
  "top10_acc": 0.7356020942408377,
  "top20_acc": 0.887434554973822,
  "run_name": "triagerx_same_embedding_roberta_u3_50devs_seed42",
  "model_location": "/work/disa_lab/projects/triagerx/models/openj9/triagerx_same_embedding_roberta_u3_50devs_seed42.pt"
}