{
  "1": {
    "precision": 0.0,
    "recall": 0.0,
    "f1-score": 0.0,
    "support": 1.0
  },
  "2": {
    "precision": 0.0,
    "recall": 0.0,
    "f1-score": 0.0,
    "support": 18.0
  },
  "4": {
    "precision": 0.0,
    "recall": 0.0,
    "f1-score": 0.0,
    "support": 2.0
  },
  "5": {
    "precision": 0.0,
    "recall": 0.0,
    "f1-score": 0.0,
    "support": 6.0
  },
  "7": {
    "precision": 0.0,
    "recall": 0.0,
    "f1-score": 0.0,
    "support": 1.0
  },
  "8": {
    "precision": 0.44155844155844154,
    "recall": 0.576271186440678,
    "f1-score": 0.5,
    "support": 59.0
  },
  "9": {
    "precision": 0.0,
    "recall": 0.0,
    "f1-score": 0.0,
    "support": 9.0
  },
  "10": {
    "precision": 0.5833333333333334,
    "recall": 0.5833333333333334,
    "f1-score": 0.5833333333333334,
    "support": 12.0
  },
  "11": {
    "precision": 0.0,
    "recall": 0.0,
    "f1-score": 0.0,
    "support": 11.0
  },
  "14": {
    "precision": 1.0,
    "recall": 0.5,
    "f1-score": 0.6666666666666666,
    "support": 4.0
  },
  "15": {
    "precision": 0.0,
    "recall": 0.0,
    "f1-score": 0.0,
    "support": 0.0
  },
  "16": {
    "precision": 0.0,
    "recall": 0.0,
    "f1-score": 0.0,
    "support": 0.0
  },
  "17": {
    "precision": 0.2903225806451613,
    "recall": 0.75,
    "f1-score": 0.4186046511627908,
    "support": 12.0
  },
  "19": {
    "precision": 0.5,
    "recall": 0.058823529411764705,
    "f1-score": 0.10526315789473684,
    "support": 17.0
  },
  "20": {
    "precision": 0.0,
    "recall": 0.0,
    "f1-score": 0.0,
    "support": 0.0
  },
  "21": {
    "precision": 0.16666666666666666,
    "recall": 0.2,
    "f1-score": 0.1818181818181818,
    "support": 5.0
  },
  "22": {
    "precision": 0.0,
    "recall": 0.0,
    "f1-score": 0.0,
    "support": 2.0
  },
  "23": {
    "precision": 0.2222222222222222,
    "recall": 0.5,
    "f1-score": 0.30769230769230765,
    "support": 4.0
  },
  "24": {
    "precision": 0.0,
    "recall": 0.0,
    "f1-score": 0.0,
    "support": 0.0
  },
  "25": {
    "precision": 0.18181818181818182,
    "recall": 0.1111111111111111,
    "f1-score": 0.13793103448275862,
    "support": 18.0
  },
  "27": {
    "precision": 0.27956989247311825,
    "recall": 0.5,
    "f1-score": 0.3586206896551724,
    "support": 52.0
  },
  "28": {
    "precision": 0.0,
    "recall": 0.0,
    "f1-score": 0.0,
    "support": 0.0
  },
  "29": {
    "precision": 0.0,
    "recall": 0.0,
    "f1-score": 0.0,
    "support": 8.0
  },
  "30": {
    "precision": 0.4482758620689655,
    "recall": 0.3333333333333333,
    "f1-score": 0.38235294117647056,
    "support": 39.0
  },
  "31": {
    "precision": 0.2413793103448276,
    "recall": 0.5833333333333334,
    "f1-score": 0.34146341463414637,
    "support": 12.0
  },
  "32": {
    "precision": 1.0,
    "recall": 0.2,
    "f1-score": 0.33333333333333337,
    "support": 5.0
  },
  "34": {
    "precision": 0.0,
    "recall": 0.0,
    "f1-score": 0.0,
    "support": 14.0
  },
  "35": {
    "precision": 0.0,
    "recall": 0.0,
    "f1-score": 0.0,
    "support": 2.0
  },
  "36": {
    "precision": 0.0,
    "recall": 0.0,
    "f1-score": 0.0,
    "support": 0.0
  },
  "38": {
    "precision": 0.1111111111111111,
    "recall": 0.2,
    "f1-score": 0.14285714285714285,
    "support": 5.0
  },
  "39": {
    "precision": 0.0,
    "recall": 0.0,
    "f1-score": 0.0,
    "support": 9.0
  },
  "40": {
    "precision": 0.0,
    "recall": 0.0,
    "f1-score": 0.0,
    "support": 0.0
  },
  "41": {
    "precision": 0.125,
    "recall": 0.07142857142857142,
    "f1-score": 0.09090909090909091,
    "support": 28.0
  },
  "42": {
    "precision": 0.0,
    "recall": 0.0,
    "f1-score": 0.0,
    "support": 4.0
  },
  "44": {
    "precision": 0.0,
    "recall": 0.0,
    "f1-score": 0.0,
    "support": 2.0
  },
  "45": {
    "precision": 0.0,
    "recall": 0.0,
    "f1-score": 0.0,
    "support": 6.0
  },
  "46": {
    "precision": 0.0,
    "recall": 0.0,
    "f1-score": 0.0,
    "support": 2.0
  },
  "47": {
    "precision": 0.0,
    "recall": 0.0,
    "f1-score": 0.0,
    "support": 12.0
  },
  "49": {
    "precision": 0.0,
    "recall": 0.0,
    "f1-score": 0.0,
    "support": 1.0
  },
  "accuracy": 0.28272251308900526,
  "macro avg": {
    "precision": 0.14336557954466742,
    "recall": 0.1325034461126186,
    "f1-score": 0.11668835757990084,
    "support": 382.0
  },
  "weighted avg": {
    "precision": 0.2565530597477088,
    "recall": 0.28272251308900526,
    "f1-score": 0.24394246962133107,
    "support": 382.0
  },
  "top3_acc": 0.4973821989528796,
  "top5_acc": 0.5916230366492147,
  "top10_acc": 0.7356020942408377,
  "top20_acc": 0.8769633507853403,
  "run_name": "openj9_cnn_nosampler_deberta-large-full_u3_50_classes_last_dev_seed42",
  "model_location": "/work/disa_lab/projects/triagerx/models/openj9/openj9_cnn_nosampler_deberta-large-full_u3_50_classes_last_dev_seed42.pt"
}