{
  "0": {
    "precision": 0.5,
    "recall": 0.7777777777777778,
    "f1-score": 0.6086956521739131,
    "support": 9.0
  },
  "1": {
    "precision": 0.3611111111111111,
    "recall": 0.3333333333333333,
    "f1-score": 0.3466666666666667,
    "support": 39.0
  },
  "2": {
    "precision": 0.0,
    "recall": 0.0,
    "f1-score": 0.0,
    "support": 4.0
  },
  "3": {
    "precision": 0.0,
    "recall": 0.0,
    "f1-score": 0.0,
    "support": 1.0
  },
  "4": {
    "precision": 0.0,
    "recall": 0.0,
    "f1-score": 0.0,
    "support": 1.0
  },
  "5": {
    "precision": 0.40625,
    "recall": 0.3611111111111111,
    "f1-score": 0.38235294117647056,
    "support": 36.0
  },
  "6": {
    "precision": 1.0,
    "recall": 0.3333333333333333,
    "f1-score": 0.5,
    "support": 3.0
  },
  "7": {
    "precision": 0.125,
    "recall": 0.16666666666666666,
    "f1-score": 0.14285714285714288,
    "support": 12.0
  },
  "8": {
    "precision": 0.0,
    "recall": 0.0,
    "f1-score": 0.0,
    "support": 2.0
  },
  "9": {
    "precision": 0.3333333333333333,
    "recall": 0.5,
    "f1-score": 0.4,
    "support": 4.0
  },
  "10": {
    "precision": 0.5333333333333333,
    "recall": 0.5517241379310345,
    "f1-score": 0.5423728813559322,
    "support": 29.0
  },
  "11": {
    "precision": 0.3333333333333333,
    "recall": 0.07692307692307693,
    "f1-score": 0.125,
    "support": 13.0
  },
  "12": {
    "precision": 0.4,
    "recall": 0.48,
    "f1-score": 0.4363636363636364,
    "support": 25.0
  },
  "13": {
    "precision": 0.0,
    "recall": 0.0,
    "f1-score": 0.0,
    "support": 4.0
  },
  "14": {
    "precision": 0.0,
    "recall": 0.0,
    "f1-score": 0.0,
    "support": 2.0
  },
  "accuracy": 0.3641304347826087,
  "macro avg": {
    "precision": 0.2661574074074074,
    "recall": 0.23872462913842227,
    "f1-score": 0.23228726137291744,
    "support": 184.0
  },
  "weighted avg": {
    "precision": 0.3741394927536232,
    "recall": 0.3641304347826087,
    "f1-score": 0.3578269398620479,
    "support": 184.0
  },
  "top3_acc": 0.6793478260869565,
  "top5_acc": 0.8152173913043478,
  "top10_acc": 0.9728260869565217,
  "run_name": "triagerx_ensemble_u3_15_classes_last_dev_seed42",
  "model_location": "/work/disa_lab/projects/triagerx/models/openj9/triagerx_ensemble_u3_15_classes_last_dev_seed42.pt"
}