{
  "0": {
    "precision": 0.0,
    "recall": 0.0,
    "f1-score": 0.0,
    "support": 0.0
  },
  "1": {
    "precision": 0.0,
    "recall": 0.0,
    "f1-score": 0.0,
    "support": 1.0
  },
  "2": {
    "precision": 0.0,
    "recall": 0.0,
    "f1-score": 0.0,
    "support": 18.0
  },
  "3": {
    "precision": 0.0,
    "recall": 0.0,
    "f1-score": 0.0,
    "support": 0.0
  },
  "4": {
    "precision": 0.0,
    "recall": 0.0,
    "f1-score": 0.0,
    "support": 2.0
  },
  "5": {
    "precision": 0.0,
    "recall": 0.0,
    "f1-score": 0.0,
    "support": 6.0
  },
  "6": {
    "precision": 0.0,
    "recall": 0.0,
    "f1-score": 0.0,
    "support": 0.0
  },
  "7": {
    "precision": 0.0,
    "recall": 0.0,
    "f1-score": 0.0,
    "support": 1.0
  },
  "8": {
    "precision": 0.5555555555555556,
    "recall": 0.0847457627118644,
    "f1-score": 0.14705882352941177,
    "support": 59.0
  },
  "9": {
    "precision": 0.1,
    "recall": 0.1111111111111111,
    "f1-score": 0.10526315789473685,
    "support": 9.0
  },
  "10": {
    "precision": 0.46153846153846156,
    "recall": 0.5,
    "f1-score": 0.48000000000000004,
    "support": 12.0
  },
  "11": {
    "precision": 0.4444444444444444,
    "recall": 0.36363636363636365,
    "f1-score": 0.39999999999999997,
    "support": 11.0
  },
  "14": {
    "precision": 0.17647058823529413,
    "recall": 0.75,
    "f1-score": 0.2857142857142857,
    "support": 4.0
  },
  "15": {
    "precision": 0.0,
    "recall": 0.0,
    "f1-score": 0.0,
    "support": 0.0
  },
  "16": {
    "precision": 0.0,
    "recall": 0.0,
    "f1-score": 0.0,
    "support": 0.0
  },
  "17": {
    "precision": 0.25,
    "recall": 0.08333333333333333,
    "f1-score": 0.125,
    "support": 12.0
  },
  "18": {
    "precision": 0.0,
    "recall": 0.0,
    "f1-score": 0.0,
    "support": 0.0
  },
  "19": {
    "precision": 0.1891891891891892,
    "recall": 0.4117647058823529,
    "f1-score": 0.2592592592592593,
    "support": 17.0
  },
  "20": {
    "precision": 0.0,
    "recall": 0.0,
    "f1-score": 0.0,
    "support": 0.0
  },
  "21": {
    "precision": 0.0,
    "recall": 0.0,
    "f1-score": 0.0,
    "support": 5.0
  },
  "22": {
    "precision": 0.16666666666666666,
    "recall": 0.5,
    "f1-score": 0.25,
    "support": 2.0
  },
  "23": {
    "precision": 0.125,
    "recall": 0.5,
    "f1-score": 0.2,
    "support": 4.0
  },
  "24": {
    "precision": 0.0,
    "recall": 0.0,
    "f1-score": 0.0,
    "support": 0.0
  },
  "25": {
    "precision": 0.16666666666666666,
    "recall": 0.16666666666666666,
    "f1-score": 0.16666666666666666,
    "support": 18.0
  },
  "26": {
    "precision": 0.0,
    "recall": 0.0,
    "f1-score": 0.0,
    "support": 0.0
  },
  "27": {
    "precision": 0.16666666666666666,
    "recall": 0.019230769230769232,
    "f1-score": 0.034482758620689655,
    "support": 52.0
  },
  "28": {
    "precision": 0.0,
    "recall": 0.0,
    "f1-score": 0.0,
    "support": 0.0
  },
  "29": {
    "precision": 0.09090909090909091,
    "recall": 0.125,
    "f1-score": 0.10526315789473685,
    "support": 8.0
  },
  "30": {
    "precision": 0.6,
    "recall": 0.15384615384615385,
    "f1-score": 0.2448979591836735,
    "support": 39.0
  },
  "31": {
    "precision": 0.20833333333333334,
    "recall": 0.4166666666666667,
    "f1-score": 0.2777777777777778,
    "support": 12.0
  },
  "32": {
    "precision": 0.05555555555555555,
    "recall": 0.2,
    "f1-score": 0.08695652173913045,
    "support": 5.0
  },
  "33": {
    "precision": 0.0,
    "recall": 0.0,
    "f1-score": 0.0,
    "support": 0.0
  },
  "34": {
    "precision": 0.0,
    "recall": 0.0,
    "f1-score": 0.0,
    "support": 14.0
  },
  "35": {
    "precision": 0.058823529411764705,
    "recall": 0.5,
    "f1-score": 0.10526315789473684,
    "support": 2.0
  },
  "36": {
    "precision": 0.0,
    "recall": 0.0,
    "f1-score": 0.0,
    "support": 0.0
  },
  "37": {
    "precision": 0.0,
    "recall": 0.0,
    "f1-score": 0.0,
    "support": 0.0
  },
  "38": {
    "precision": 0.0,
    "recall": 0.0,
    "f1-score": 0.0,
    "support": 5.0
  },
  "39": {
    "precision": 0.0,
    "recall": 0.0,
    "f1-score": 0.0,
    "support": 9.0
  },
  "40": {
    "precision": 0.0,
    "recall": 0.0,
    "f1-score": 0.0,
    "support": 0.0
  },
  "41": {
    "precision": 0.0,
    "recall": 0.0,
    "f1-score": 0.0,
    "support": 28.0
  },
  "42": {
    "precision": 0.0,
    "recall": 0.0,
    "f1-score": 0.0,
    "support": 4.0
  },
  "43": {
    "precision": 0.0,
    "recall": 0.0,
    "f1-score": 0.0,
    "support": 0.0
  },
  "44": {
    "precision": 0.0,
    "recall": 0.0,
    "f1-score": 0.0,
    "support": 2.0
  },
  "45": {
    "precision": 0.0,
    "recall": 0.0,
    "f1-score": 0.0,
    "support": 6.0
  },
  "46": {
    "precision": 0.0,
    "recall": 0.0,
    "f1-score": 0.0,
    "support": 2.0
  },
  "47": {
    "precision": 0.0,
    "recall": 0.0,
    "f1-score": 0.0,
    "support": 12.0
  },
  "48": {
    "precision": 0.0,
    "recall": 0.0,
    "f1-score": 0.0,
    "support": 0.0
  },
  "49": {
    "precision": 0.0,
    "recall": 0.0,
    "f1-score": 0.0,
    "support": 1.0
  },
  "accuracy": 0.1256544502617801,
  "macro avg": {
    "precision": 0.07949624475359769,
    "recall": 0.10179169860594335,
    "f1-score": 0.06820007346198136,
    "support": 382.0
  },
  "weighted avg": {
    "precision": 0.23704168674910897,
    "recall": 0.1256544502617801,
    "f1-score": 0.12381930611771717,
    "support": 382.0
  },
  "top3_acc": 0.2696335078534031,
  "top5_acc": 0.387434554973822,
  "top10_acc": 0.581151832460733,
  "top20_acc": 0.8115183246073299,
  "run_name": "cnn_roberta-base-full_u3_50_classes_last_dev_seed42",
  "model_location": "/work/disa_lab/projects/triagerx/models/openj9/cnn_roberta-base-full_u3_50_classes_last_dev_seed42.pt"
}