{
  "0": {
    "precision": 0.25,
    "recall": 0.12,
    "f1-score": 0.16216216216216217,
    "support": 25.0
  },
  "1": {
    "precision": 0.0,
    "recall": 0.0,
    "f1-score": 0.0,
    "support": 8.0
  },
  "2": {
    "precision": 0.43478260869565216,
    "recall": 0.2857142857142857,
    "f1-score": 0.3448275862068965,
    "support": 35.0
  },
  "3": {
    "precision": 0.7142857142857143,
    "recall": 0.8333333333333334,
    "f1-score": 0.7692307692307692,
    "support": 6.0
  },
  "4": {
    "precision": 0.0,
    "recall": 0.0,
    "f1-score": 0.0,
    "support": 1.0
  },
  "5": {
    "precision": 0.24175824175824176,
    "recall": 0.2,
    "f1-score": 0.21890547263681592,
    "support": 110.0
  },
  "6": {
    "precision": 0.0,
    "recall": 0.0,
    "f1-score": 0.0,
    "support": 1.0
  },
  "7": {
    "precision": 0.0,
    "recall": 0.0,
    "f1-score": 0.0,
    "support": 1.0
  },
  "8": {
    "precision": 0.0,
    "recall": 0.0,
    "f1-score": 0.0,
    "support": 2.0
  },
  "9": {
    "precision": 0.20382165605095542,
    "recall": 0.5079365079365079,
    "f1-score": 0.29090909090909095,
    "support": 63.0
  },
  "10": {
    "precision": 0.0,
    "recall": 0.0,
    "f1-score": 0.0,
    "support": 2.0
  },
  "11": {
    "precision": 0.0,
    "recall": 0.0,
    "f1-score": 0.0,
    "support": 7.0
  },
  "12": {
    "precision": 0.5,
    "recall": 0.2857142857142857,
    "f1-score": 0.36363636363636365,
    "support": 7.0
  },
  "13": {
    "precision": 0.0,
    "recall": 0.0,
    "f1-score": 0.0,
    "support": 4.0
  },
  "14": {
    "precision": 0.3333333333333333,
    "recall": 0.03125,
    "f1-score": 0.05714285714285714,
    "support": 32.0
  },
  "15": {
    "precision": 0.06451612903225806,
    "recall": 0.11764705882352941,
    "f1-score": 0.08333333333333333,
    "support": 17.0
  },
  "16": {
    "precision": 0.0,
    "recall": 0.0,
    "f1-score": 0.0,
    "support": 21.0
  },
  "17": {
    "precision": 0.0,
    "recall": 0.0,
    "f1-score": 0.0,
    "support": 11.0
  },
  "18": {
    "precision": 0.0,
    "recall": 0.0,
    "f1-score": 0.0,
    "support": 1.0
  },
  "19": {
    "precision": 0.7058823529411765,
    "recall": 0.2857142857142857,
    "f1-score": 0.4067796610169491,
    "support": 42.0
  },
  "20": {
    "precision": 0.5,
    "recall": 0.43243243243243246,
    "f1-score": 0.463768115942029,
    "support": 37.0
  },
  "21": {
    "precision": 0.29365079365079366,
    "recall": 0.29133858267716534,
    "f1-score": 0.29249011857707513,
    "support": 127.0
  },
  "22": {
    "precision": 0.35294117647058826,
    "recall": 0.13333333333333333,
    "f1-score": 0.19354838709677416,
    "support": 45.0
  },
  "23": {
    "precision": 0.0,
    "recall": 0.0,
    "f1-score": 0.0,
    "support": 1.0
  },
  "24": {
    "precision": 0.0,
    "recall": 0.0,
    "f1-score": 0.0,
    "support": 11.0
  },
  "25": {
    "precision": 0.08571428571428572,
    "recall": 0.06521739130434782,
    "f1-score": 0.07407407407407408,
    "support": 46.0
  },
  "26": {
    "precision": 0.0,
    "recall": 0.0,
    "f1-score": 0.0,
    "support": 5.0
  },
  "27": {
    "precision": 1.0,
    "recall": 0.07692307692307693,
    "f1-score": 0.14285714285714288,
    "support": 13.0
  },
  "28": {
    "precision": 0.0,
    "recall": 0.0,
    "f1-score": 0.0,
    "support": 27.0
  },
  "29": {
    "precision": 0.0,
    "recall": 0.0,
    "f1-score": 0.0,
    "support": 7.0
  },
  "30": {
    "precision": 0.0,
    "recall": 0.0,
    "f1-score": 0.0,
    "support": 1.0
  },
  "31": {
    "precision": 0.0,
    "recall": 0.0,
    "f1-score": 0.0,
    "support": 1.0
  },
  "32": {
    "precision": 0.21518987341772153,
    "recall": 0.20987654320987653,
    "f1-score": 0.21250000000000002,
    "support": 81.0
  },
  "33": {
    "precision": 0.34375,
    "recall": 0.4925373134328358,
    "f1-score": 0.4049079754601227,
    "support": 67.0
  },
  "34": {
    "precision": 0.03773584905660377,
    "recall": 1.0,
    "f1-score": 0.07272727272727272,
    "support": 2.0
  },
  "35": {
    "precision": 0.25,
    "recall": 1.0,
    "f1-score": 0.4,
    "support": 1.0
  },
  "36": {
    "precision": 0.18518518518518517,
    "recall": 0.4,
    "f1-score": 0.2531645569620253,
    "support": 25.0
  },
  "37": {
    "precision": 0.35,
    "recall": 0.38181818181818183,
    "f1-score": 0.3652173913043478,
    "support": 55.0
  },
  "38": {
    "precision": 0.0,
    "recall": 0.0,
    "f1-score": 0.0,
    "support": 3.0
  },
  "39": {
    "precision": 0.08333333333333333,
    "recall": 0.08333333333333333,
    "f1-score": 0.08333333333333333,
    "support": 24.0
  },
  "40": {
    "precision": 0.5,
    "recall": 1.0,
    "f1-score": 0.6666666666666666,
    "support": 1.0
  },
  "41": {
    "precision": 0.0,
    "recall": 0.0,
    "f1-score": 0.0,
    "support": 10.0
  },
  "42": {
    "precision": 0.0,
    "recall": 0.0,
    "f1-score": 0.0,
    "support": 17.0
  },
  "43": {
    "precision": 0.0,
    "recall": 0.0,
    "f1-score": 0.0,
    "support": 9.0
  },
  "44": {
    "precision": 0.3333333333333333,
    "recall": 0.12,
    "f1-score": 0.1764705882352941,
    "support": 25.0
  },
  "45": {
    "precision": 0.0,
    "recall": 0.0,
    "f1-score": 0.0,
    "support": 8.0
  },
  "46": {
    "precision": 0.037037037037037035,
    "recall": 0.0625,
    "f1-score": 0.046511627906976744,
    "support": 16.0
  },
  "47": {
    "precision": 0.0,
    "recall": 0.0,
    "f1-score": 0.0,
    "support": 10.0
  },
  "48": {
    "precision": 0.0,
    "recall": 0.0,
    "f1-score": 0.0,
    "support": 2.0
  },
  "49": {
    "precision": 0.0,
    "recall": 0.0,
    "f1-score": 0.0,
    "support": 4.0
  },
  "50": {
    "precision": 0.5,
    "recall": 0.2,
    "f1-score": 0.28571428571428575,
    "support": 5.0
  },
  "51": {
    "precision": 0.0,
    "recall": 0.0,
    "f1-score": 0.0,
    "support": 11.0
  },
  "52": {
    "precision": 0.47297297297297297,
    "recall": 0.2692307692307692,
    "f1-score": 0.3431372549019608,
    "support": 130.0
  },
  "53": {
    "precision": 0.125,
    "recall": 0.02702702702702703,
    "f1-score": 0.044444444444444446,
    "support": 37.0
  },
  "54": {
    "precision": 0.0,
    "recall": 0.0,
    "f1-score": 0.0,
    "support": 52.0
  },
  "55": {
    "precision": 0.6,
    "recall": 0.16666666666666666,
    "f1-score": 0.2608695652173913,
    "support": 36.0
  },
  "56": {
    "precision": 0.04,
    "recall": 0.07142857142857142,
    "f1-score": 0.05128205128205128,
    "support": 28.0
  },
  "57": {
    "precision": 0.4,
    "recall": 0.6593406593406593,
    "f1-score": 0.4979253112033195,
    "support": 91.0
  },
  "58": {
    "precision": 0.4942528735632184,
    "recall": 0.4056603773584906,
    "f1-score": 0.4455958549222799,
    "support": 106.0
  },
  "59": {
    "precision": 0.0,
    "recall": 0.0,
    "f1-score": 0.0,
    "support": 2.0
  },
  "60": {
    "precision": 0.07407407407407407,
    "recall": 1.0,
    "f1-score": 0.13793103448275862,
    "support": 2.0
  },
  "61": {
    "precision": 1.0,
    "recall": 0.9655172413793104,
    "f1-score": 0.9824561403508771,
    "support": 29.0
  },
  "62": {
    "precision": 1.0,
    "recall": 1.0,
    "f1-score": 1.0,
    "support": 1.0
  },
  "63": {
    "precision": 0.0,
    "recall": 0.0,
    "f1-score": 0.0,
    "support": 2.0
  },
  "64": {
    "precision": 0.25,
    "recall": 0.06666666666666667,
    "f1-score": 0.10526315789473685,
    "support": 15.0
  },
  "65": {
    "precision": 0.0,
    "recall": 0.0,
    "f1-score": 0.0,
    "support": 3.0
  },
  "66": {
    "precision": 0.0380952380952381,
    "recall": 0.6666666666666666,
    "f1-score": 0.07207207207207207,
    "support": 6.0
  },
  "67": {
    "precision": 0.6666666666666666,
    "recall": 0.031746031746031744,
    "f1-score": 0.06060606060606061,
    "support": 63.0
  },
  "68": {
    "precision": 0.13636363636363635,
    "recall": 0.45,
    "f1-score": 0.20930232558139533,
    "support": 40.0
  },