{
  "0": {
    "precision": 0.375,
    "recall": 0.12,
    "f1-score": 0.18181818181818182,
    "support": 25.0
  },
  "1": {
    "precision": 0.0,
    "recall": 0.0,
    "f1-score": 0.0,
    "support": 8.0
  },
  "2": {
    "precision": 0.0,
    "recall": 0.0,
    "f1-score": 0.0,
    "support": 0.0
  },
  "4": {
    "precision": 0.5,
    "recall": 0.14285714285714285,
    "f1-score": 0.22222222222222224,
    "support": 35.0
  },
  "5": {
    "precision": 0.5714285714285714,
    "recall": 0.6666666666666666,
    "f1-score": 0.6153846153846153,
    "support": 6.0
  },
  "9": {
    "precision": 0.0,
    "recall": 0.0,
    "f1-score": 0.0,
    "support": 0.0
  },
  "10": {
    "precision": 0.0,
    "recall": 0.0,
    "f1-score": 0.0,
    "support": 0.0
  },
  "11": {
    "precision": 0.0,
    "recall": 0.0,
    "f1-score": 0.0,
    "support": 0.0
  },
  "12": {
    "precision": 0.0,
    "recall": 0.0,
    "f1-score": 0.0,
    "support": 0.0
  },
  "13": {
    "precision": 0.0,
    "recall": 0.0,
    "f1-score": 0.0,
    "support": 0.0
  },
  "15": {
    "precision": 0.0,
    "recall": 0.0,
    "f1-score": 0.0,
    "support": 1.0
  },
  "16": {
    "precision": 0.20618556701030927,
    "recall": 0.18181818181818182,
    "f1-score": 0.1932367149758454,
    "support": 110.0
  },
  "17": {
    "precision": 0.0,
    "recall": 0.0,
    "f1-score": 0.0,
    "support": 1.0
  },
  "18": {
    "precision": 0.0,
    "recall": 0.0,
    "f1-score": 0.0,
    "support": 0.0
  },
  "19": {
    "precision": 0.0,
    "recall": 0.0,
    "f1-score": 0.0,
    "support": 0.0
  },
  "20": {
    "precision": 0.0,
    "recall": 0.0,
    "f1-score": 0.0,
    "support": 0.0
  },
  "22": {
    "precision": 0.0,
    "recall": 0.0,
    "f1-score": 0.0,
    "support": 0.0
  },
  "23": {
    "precision": 0.0,
    "recall": 0.0,
    "f1-score": 0.0,
    "support": 0.0
  },
  "26": {
    "precision": 0.0,
    "recall": 0.0,
    "f1-score": 0.0,
    "support": 1.0
  },
  "27": {
    "precision": 0.0,
    "recall": 0.0,
    "f1-score": 0.0,
    "support": 2.0
  },
  "28": {
    "precision": 0.0,
    "recall": 0.0,
    "f1-score": 0.0,
    "support": 0.0
  },
  "31": {
    "precision": 0.2605042016806723,
    "recall": 0.49206349206349204,
    "f1-score": 0.34065934065934067,
    "support": 63.0
  },
  "32": {
    "precision": 0.0,
    "recall": 0.0,
    "f1-score": 0.0,
    "support": 2.0
  },
  "33": {
    "precision": 0.0,
    "recall": 0.0,
    "f1-score": 0.0,
    "support": 0.0
  },
  "34": {
    "precision": 0.0,
    "recall": 0.0,
    "f1-score": 0.0,
    "support": 0.0
  },
  "35": {
    "precision": 0.0,
    "recall": 0.0,
    "f1-score": 0.0,
    "support": 7.0
  },
  "37": {
    "precision": 0.5,
    "recall": 0.42857142857142855,
    "f1-score": 0.4615384615384615,
    "support": 7.0
  },
  "38": {
    "precision": 0.0,
    "recall": 0.0,
    "f1-score": 0.0,
    "support": 4.0
  },
  "40": {
    "precision": 0.0,
    "recall": 0.0,
    "f1-score": 0.0,
    "support": 0.0
  },
  "41": {
    "precision": 0.8,
    "recall": 0.125,
    "f1-score": 0.21621621621621623,
    "support": 32.0
  },
  "42": {
    "precision": 0.1346153846153846,
    "recall": 0.4117647058823529,
    "f1-score": 0.2028985507246377,
    "support": 17.0
  },
  "43": {
    "precision": 1.0,
    "recall": 0.09523809523809523,
    "f1-score": 0.17391304347826084,
    "support": 21.0
  },
  "44": {
    "precision": 0.06060606060606061,
    "recall": 0.18181818181818182,
    "f1-score": 0.09090909090909091,
    "support": 11.0
  },
  "45": {
    "precision": 0.0,
    "recall": 0.0,
    "f1-score": 0.0,
    "support": 1.0
  },
  "47": {
    "precision": 0.0,
    "recall": 0.0,
    "f1-score": 0.0,
    "support": 0.0
  },
  "48": {
    "precision": 0.7241379310344828,
    "recall": 0.5,
    "f1-score": 0.591549295774648,
    "support": 42.0
  },
  "49": {
    "precision": 0.43333333333333335,
    "recall": 0.35135135135135137,
    "f1-score": 0.3880597014925374,
    "support": 37.0
  },
  "51": {
    "precision": 0.0,
    "recall": 0.0,
    "f1-score": 0.0,
    "support": 0.0
  },
  "52": {
    "precision": 0.0,
    "recall": 0.0,
    "f1-score": 0.0,
    "support": 0.0
  },
  "54": {
    "precision": 0.3670886075949367,
    "recall": 0.2283464566929134,
    "f1-score": 0.2815533980582524,
    "support": 127.0
  },
  "56": {
    "precision": 0.3333333333333333,
    "recall": 0.08888888888888889,
    "f1-score": 0.14035087719298245,
    "support": 45.0
  },
  "57": {
    "precision": 0.0,
    "recall": 0.0,
    "f1-score": 0.0,
    "support": 1.0
  },
  "63": {
    "precision": 0.0,
    "recall": 0.0,
    "f1-score": 0.0,
    "support": 11.0
  },
  "64": {
    "precision": 0.19148936170212766,
    "recall": 0.1956521739130435,
    "f1-score": 0.1935483870967742,
    "support": 46.0
  },
  "65": {
    "precision": 0.0,
    "recall": 0.0,
    "f1-score": 0.0,
    "support": 5.0
  },
  "66": {
    "precision": 1.0,
    "recall": 0.07692307692307693,
    "f1-score": 0.14285714285714288,
    "support": 13.0
  },
  "69": {
    "precision": 1.0,
    "recall": 0.037037037037037035,
    "f1-score": 0.07142857142857142,
    "support": 27.0
  },
  "70": {
    "precision": 0.0,
    "recall": 0.0,
    "f1-score": 0.0,
    "support": 7.0
  },
  "72": {
    "precision": 0.0,
    "recall": 0.0,
    "f1-score": 0.0,
    "support": 1.0
  },
  "73": {
    "precision": 0.0,
    "recall": 0.0,
    "f1-score": 0.0,
    "support": 1.0
  },
  "74": {
    "precision": 0.2653061224489796,
    "recall": 0.16049382716049382,
    "f1-score": 0.2,
    "support": 81.0
  },
  "75": {
    "precision": 0.4925373134328358,
    "recall": 0.4925373134328358,
    "f1-score": 0.4925373134328358,
    "support": 67.0
  },
  "78": {
    "precision": 0.125,
    "recall": 1.0,
    "f1-score": 0.2222222222222222,
    "support": 2.0
  },
  "81": {
    "precision": 1.0,
    "recall": 1.0,
    "f1-score": 1.0,
    "support": 1.0
  },
  "82": {
    "precision": 0.2857142857142857,
    "recall": 0.32,
    "f1-score": 0.30188679245283023,
    "support": 25.0
  },
  "83": {
    "precision": 0.0,
    "recall": 0.0,
    "f1-score": 0.0,
    "support": 0.0
  },
  "86": {
    "precision": 0.4444444444444444,
    "recall": 0.43636363636363634,
    "f1-score": 0.4403669724770642,
    "support": 55.0
  },
  "88": {
    "precision": 0.0,
    "recall": 0.0,
    "f1-score": 0.0,
    "support": 3.0
  },
  "90": {
    "precision": 0.14285714285714285,
    "recall": 0.08333333333333333,
    "f1-score": 0.10526315789473685,
    "support": 24.0
  },
  "91": {
    "precision": 0.0,
    "recall": 0.0,
    "f1-score": 0.0,
    "support": 1.0
  },
  "92": {
    "precision": 0.0,
    "recall": 0.0,
    "f1-score": 0.0,
    "support": 10.0
  },
  "93": {
    "precision": 0.0,
    "recall": 0.0,
    "f1-score": 0.0,
    "support": 17.0
  },
  "94": {
    "precision": 0.0,
    "recall": 0.0,
    "f1-score": 0.0,
    "support": 9.0
  },
  "95": {
    "precision": 0.0,
    "recall": 0.0,
    "f1-score": 0.0,
    "support": 0.0
  },
  "96": {
    "precision": 0.23076923076923078,
    "recall": 0.12,
    "f1-score": 0.15789473684210525,
    "support": 25.0
  },
  "98": {
    "precision": 0.0,
    "recall": 0.0,
    "f1-score": 0.0,
    "support": 0.0
  },
  "101": {
    "precision": 0.0,
    "recall": 0.0,
    "f1-score": 0.0,
    "support": 8.0
  },
  "104": {
    "precision": 0.0975609756097561,
    "recall": 0.25,
    "f1-score": 0.14035087719298248,
    "support": 16.0
  },
  "105": {
    "precision": 0.0,
    "recall": 0.0,
    "f1-score": 0.0,
    "support": 10.0
  },
  "106": {
    "precision": 0.0,
    "recall": 0.0,
    "f1-score": 0.0,
    "support": 2.0
  },
  "108": {
    "precision": 0.0,
    "recall": 0.0,
    "f1-score": 0.0,
    "support": 4.0
  },
  "110": {
    "precision": 0.5,
    "recall": 0.2,
    "f1-score": 0.28571428571428575,
    "support": 5.0
  },
  "111": {
    "precision": 0.0,
    "recall": 0.0,
    "f1-score": 0.0,
    "support": 11.0
  },