{"0": {"precision": 0.8157894736842105, "recall": 0.7560975609756098, "f1-score": 0.7848101265822786, "support": 82.0}, "1": {"precision": 0.5714285714285714, "recall": 0.5833333333333334, "f1-score": 0.577319587628866, "support": 48.0}, "2": {"precision": 0.75, "recall": 0.375, "f1-score": 0.5, "support": 8.0}, "3": {"precision": 0.6, "recall": 0.6, "f1-score": 0.6, "support": 5.0}, "4": {"precision": 0.6833333333333333, "recall": 0.7884615384615384, "f1-score": 0.7321428571428571, "support": 104.0}, "5": {"precision": 0.8818681318681318, "recall": 0.8652291105121294, "f1-score": 0.873469387755102, "support": 371.0}, "accuracy": 0.8074433656957929, "macro avg": {"precision": 0.7170699183857078, "recall": 0.6613535905471019, "f1-score": 0.6779569931848507, "support": 618.0}, "weighted avg": {"precision": 0.8115906988032691, "recall": 0.8074433656957929, "f1-score": 0.8078734151875928, "support": 618.0}, "test_accuracy": 0.8074433656957929, "run_name": "comp_summary_description_LBTPDeberta_u5_6_classes_seed66", "model_location": "/work/disa_lab/projects/triagerx/models/comp_summary_description_LBTPDeberta_u5_6_classes_seed66.pt"}