{"0": {"precision": 0.8043478260869565, "recall": 0.8409090909090909, "f1-score": 0.8222222222222223, "support": 88.0}, "1": {"precision": 0.7037037037037037, "recall": 0.40425531914893614, "f1-score": 0.5135135135135135, "support": 47.0}, "2": {"precision": 0.5, "recall": 0.16666666666666666, "f1-score": 0.25, "support": 6.0}, "3": {"precision": 0.3333333333333333, "recall": 0.14285714285714285, "f1-score": 0.2, "support": 7.0}, "4": {"precision": 0.5909090909090909, "recall": 0.7065217391304348, "f1-score": 0.6435643564356436, "support": 92.0}, "5": {"precision": 0.8463541666666666, "recall": 0.8597883597883598, "f1-score": 0.853018372703412, "support": 378.0}, "accuracy": 0.7847896440129449, "macro avg": {"precision": 0.6297746867832918, "recall": 0.5201663864167719, "f1-score": 0.5470530774791319, "support": 618.0}, "weighted avg": {"precision": 0.7823228599784724, "recall": 0.7847896440129449, "f1-score": 0.7783811591661159, "support": 618.0}, "test_accuracy": 0.7847896440129449, "run_name": "comp_sp_tokens_LBTPDeberta_u5_6_classes_seed12", "model_location": "/work/disa_lab/projects/triagerx/models/comp_sp_tokens_LBTPDeberta_u5_6_classes_seed12.pt"}