{
  "0": {
    "precision": 0.0,
    "recall": 0.0,
    "f1-score": 0.0,
    "support": 0.0
  },
  "1": {
    "precision": 0.0,
    "recall": 0.0,
    "f1-score": 0.0,
    "support": 1.0
  },
  "2": {
    "precision": 0.0,
    "recall": 0.0,
    "f1-score": 0.0,
    "support": 18.0
  },
  "4": {
    "precision": 0.0,
    "recall": 0.0,
    "f1-score": 0.0,
    "support": 2.0
  },
  "5": {
    "precision": 0.0,
    "recall": 0.0,
    "f1-score": 0.0,
    "support": 6.0
  },
  "7": {
    "precision": 0.0,
    "recall": 0.0,
    "f1-score": 0.0,
    "support": 1.0
  },
  "8": {
    "precision": 0.46551724137931033,
    "recall": 0.4576271186440678,
    "f1-score": 0.4615384615384615,
    "support": 59.0
  },
  "9": {
    "precision": 0.0,
    "recall": 0.0,
    "f1-score": 0.0,
    "support": 9.0
  },
  "10": {
    "precision": 0.30303030303030304,
    "recall": 0.8333333333333334,
    "f1-score": 0.4444444444444444,
    "support": 12.0
  },
  "11": {
    "precision": 0.0,
    "recall": 0.0,
    "f1-score": 0.0,
    "support": 11.0
  },
  "14": {
    "precision": 1.0,
    "recall": 0.25,
    "f1-score": 0.4,
    "support": 4.0
  },
  "15": {
    "precision": 0.0,
    "recall": 0.0,
    "f1-score": 0.0,
    "support": 0.0
  },
  "17": {
    "precision": 0.6,
    "recall": 0.25,
    "f1-score": 0.35294117647058826,
    "support": 12.0
  },
  "19": {
    "precision": 0.0,
    "recall": 0.0,
    "f1-score": 0.0,
    "support": 17.0
  },
  "20": {
    "precision": 0.0,
    "recall": 0.0,
    "f1-score": 0.0,
    "support": 0.0
  },
  "21": {
    "precision": 0.037037037037037035,
    "recall": 0.2,
    "f1-score": 0.0625,
    "support": 5.0
  },
  "22": {
    "precision": 0.0,
    "recall": 0.0,
    "f1-score": 0.0,
    "support": 2.0
  },
  "23": {
    "precision": 0.1111111111111111,
    "recall": 0.25,
    "f1-score": 0.15384615384615383,
    "support": 4.0
  },
  "24": {
    "precision": 0.0,
    "recall": 0.0,
    "f1-score": 0.0,
    "support": 0.0
  },
  "25": {
    "precision": 0.0,
    "recall": 0.0,
    "f1-score": 0.0,
    "support": 18.0
  },
  "27": {
    "precision": 0.30666666666666664,
    "recall": 0.4423076923076923,
    "f1-score": 0.3622047244094488,
    "support": 52.0
  },
  "29": {
    "precision": 0.0,
    "recall": 0.0,
    "f1-score": 0.0,
    "support": 8.0
  },
  "30": {
    "precision": 0.35135135135135137,
    "recall": 0.3333333333333333,
    "f1-score": 0.34210526315789475,
    "support": 39.0
  },
  "31": {
    "precision": 0.4444444444444444,
    "recall": 0.3333333333333333,
    "f1-score": 0.380952380952381,
    "support": 12.0
  },
  "32": {
    "precision": 0.0,
    "recall": 0.0,
    "f1-score": 0.0,
    "support": 5.0
  },
  "34": {
    "precision": 0.0,
    "recall": 0.0,
    "f1-score": 0.0,
    "support": 14.0
  },
  "35": {
    "precision": 0.0,
    "recall": 0.0,
    "f1-score": 0.0,
    "support": 2.0
  },
  "36": {
    "precision": 0.0,
    "recall": 0.0,
    "f1-score": 0.0,
    "support": 0.0
  },
  "38": {
    "precision": 0.13333333333333333,
    "recall": 0.4,
    "f1-score": 0.2,
    "support": 5.0
  },
  "39": {
    "precision": 0.0,
    "recall": 0.0,
    "f1-score": 0.0,
    "support": 9.0
  },
  "40": {
    "precision": 0.0,
    "recall": 0.0,
    "f1-score": 0.0,
    "support": 0.0
  },
  "41": {
    "precision": 0.15517241379310345,
    "recall": 0.32142857142857145,
    "f1-score": 0.20930232558139536,
    "support": 28.0
  },
  "42": {
    "precision": 0.0,
    "recall": 0.0,
    "f1-score": 0.0,
    "support": 4.0
  },
  "44": {
    "precision": 0.0,
    "recall": 0.0,
    "f1-score": 0.0,
    "support": 2.0
  },
  "45": {
    "precision": 0.0,
    "recall": 0.0,
    "f1-score": 0.0,
    "support": 6.0
  },
  "46": {
    "precision": 0.0,
    "recall": 0.0,
    "f1-score": 0.0,
    "support": 2.0
  },
  "47": {
    "precision": 0.0,
    "recall": 0.0,
    "f1-score": 0.0,
    "support": 12.0
  },
  "48": {
    "precision": 0.0,
    "recall": 0.0,
    "f1-score": 0.0,
    "support": 0.0
  },
  "49": {
    "precision": 0.0,
    "recall": 0.0,
    "f1-score": 0.0,
    "support": 1.0
  },
  "accuracy": 0.24607329842931938,
  "macro avg": {
    "precision": 0.10019651031145284,
    "recall": 0.10439393288154697,
    "f1-score": 0.08640602385642995,
    "support": 382.0
  },
  "weighted avg": {
    "precision": 0.21708300382970902,
    "recall": 0.24607329842931938,
    "f1-score": 0.21710975371018618,
    "support": 382.0
  },
  "top3_acc": 0.4581151832460733,
  "top5_acc": 0.5654450261780105,
  "top10_acc": 0.7068062827225131,
  "top20_acc": 0.8769633507853403,
  "run_name": "openj9_nosampler_fcn_deberta-large_50classes_seed42",
  "model_location": "/work/disa_lab/projects/triagerx/models/openj9/openj9_nosampler_fcn_deberta-large_50classes_seed42.pt"
}