{
  "0": {
    "precision": 0.6875,
    "recall": 0.8571428571428571,
    "f1-score": 0.7630057803468208,
    "support": 77.0
  },
  "1": {
    "precision": 0.48148148148148145,
    "recall": 0.5531914893617021,
    "f1-score": 0.5148514851485149,
    "support": 47.0
  },
  "2": {
    "precision": 0.75,
    "recall": 0.2727272727272727,
    "f1-score": 0.39999999999999997,
    "support": 11.0
  },
  "3": {
    "precision": 0.5,
    "recall": 0.6,
    "f1-score": 0.5454545454545454,
    "support": 5.0
  },
  "4": {
    "precision": 0.680327868852459,
    "recall": 0.7094017094017094,
    "f1-score": 0.6945606694560669,
    "support": 117.0
  },
  "5": {
    "precision": 0.8571428571428571,
    "recall": 0.7977839335180056,
    "f1-score": 0.8263988522238164,
    "support": 361.0
  },
  "accuracy": 0.7588996763754046,
  "macro avg": {
    "precision": 0.6594087012461329,
    "recall": 0.6317078770252579,
    "f1-score": 0.6240452221049607,
    "support": 618.0
  },
  "weighted avg": {
    "precision": 0.7691651484044316,
    "recall": 0.7588996763754046,
    "f1-score": 0.7599843391506725,
    "support": 618.0
  },
  "top3_accuracy": 0.9854368932038835,
  "run_name": "comp_raw_data_LBTPDeberta_u5_6_classes_seed42",
  "model_location": "/work/disa_lab/projects/triagerx/models/comp_raw_data_LBTPDeberta_u5_6_classes_seed42.pt"
}