{
  "0": {
    "precision": 0.7209302325581395,
    "recall": 0.8157894736842105,
    "f1-score": 0.765432098765432,
    "support": 76.0
  },
  "1": {
    "precision": 0.6346153846153846,
    "recall": 0.673469387755102,
    "f1-score": 0.6534653465346534,
    "support": 49.0
  },
  "2": {
    "precision": 0.6666666666666666,
    "recall": 0.18181818181818182,
    "f1-score": 0.28571428571428575,
    "support": 11.0
  },
  "3": {
    "precision": 0.8,
    "recall": 0.8,
    "f1-score": 0.8000000000000002,
    "support": 5.0
  },
  "4": {
    "precision": 0.7083333333333334,
    "recall": 0.8292682926829268,
    "f1-score": 0.7640449438202247,
    "support": 123.0
  },
  "5": {
    "precision": 0.8902439024390244,
    "recall": 0.8248587570621468,
    "f1-score": 0.8563049853372433,
    "support": 354.0
  },
  "accuracy": 0.8009708737864077,
  "macro avg": {
    "precision": 0.7367982532687581,
    "recall": 0.687534015500428,
    "f1-score": 0.68749361002864,
    "support": 618.0
  },
  "weighted avg": {
    "precision": 0.8082387157238194,
    "recall": 0.8009708737864077,
    "f1-score": 0.8000728018260514,
    "support": 618.0
  },
  "top3_accuracy": 0.9805825242718447,
  "run_name": "comp_summary_description_LBTPDeberta_u5_6_classes_seed42",
  "model_location": "/work/disa_lab/projects/triagerx/models/comp_summary_description_LBTPDeberta_u5_6_classes_seed42.pt"
}