{
  "1": {
    "precision": 0.0,
    "recall": 0.0,
    "f1-score": 0.0,
    "support": 1.0
  },
  "2": {
    "precision": 0.0,
    "recall": 0.0,
    "f1-score": 0.0,
    "support": 18.0
  },
  "4": {
    "precision": 0.0,
    "recall": 0.0,
    "f1-score": 0.0,
    "support": 2.0
  },
  "5": {
    "precision": 0.0,
    "recall": 0.0,
    "f1-score": 0.0,
    "support": 6.0
  },
  "7": {
    "precision": 0.0,
    "recall": 0.0,
    "f1-score": 0.0,
    "support": 1.0
  },
  "8": {
    "precision": 0.4791666666666667,
    "recall": 0.3898305084745763,
    "f1-score": 0.4299065420560748,
    "support": 59.0
  },
  "9": {
    "precision": 0.03225806451612903,
    "recall": 0.1111111111111111,
    "f1-score": 0.049999999999999996,
    "support": 9.0
  },
  "10": {
    "precision": 0.375,
    "recall": 0.75,
    "f1-score": 0.5,
    "support": 12.0
  },
  "11": {
    "precision": 0.6666666666666666,
    "recall": 0.18181818181818182,
    "f1-score": 0.28571428571428575,
    "support": 11.0
  },
  "12": {
    "precision": 0.0,
    "recall": 0.0,
    "f1-score": 0.0,
    "support": 0.0
  },
  "13": {
    "precision": 0.0,
    "recall": 0.0,
    "f1-score": 0.0,
    "support": 0.0
  },
  "14": {
    "precision": 1.0,
    "recall": 0.25,
    "f1-score": 0.4,
    "support": 4.0
  },
  "15": {
    "precision": 0.0,
    "recall": 0.0,
    "f1-score": 0.0,
    "support": 0.0
  },
  "16": {
    "precision": 0.0,
    "recall": 0.0,
    "f1-score": 0.0,
    "support": 0.0
  },
  "17": {
    "precision": 0.3,
    "recall": 0.25,
    "f1-score": 0.2727272727272727,
    "support": 12.0
  },
  "18": {
    "precision": 0.0,
    "recall": 0.0,
    "f1-score": 0.0,
    "support": 0.0
  },
  "19": {
    "precision": 0.05555555555555555,
    "recall": 0.058823529411764705,
    "f1-score": 0.05714285714285714,
    "support": 17.0
  },
  "20": {
    "precision": 0.0,
    "recall": 0.0,
    "f1-score": 0.0,
    "support": 0.0
  },
  "21": {
    "precision": 0.2,
    "recall": 0.2,
    "f1-score": 0.20000000000000004,
    "support": 5.0
  },
  "22": {
    "precision": 0.0,
    "recall": 0.0,
    "f1-score": 0.0,
    "support": 2.0
  },
  "23": {
    "precision": 0.1,
    "recall": 0.25,
    "f1-score": 0.14285714285714288,
    "support": 4.0
  },
  "24": {
    "precision": 0.0,
    "recall": 0.0,
    "f1-score": 0.0,
    "support": 0.0
  },
  "25": {
    "precision": 0.0,
    "recall": 0.0,
    "f1-score": 0.0,
    "support": 18.0
  },
  "26": {
    "precision": 0.0,
    "recall": 0.0,
    "f1-score": 0.0,
    "support": 0.0
  },
  "27": {
    "precision": 0.125,
    "recall": 0.038461538461538464,
    "f1-score": 0.058823529411764705,
    "support": 52.0
  },
  "28": {
    "precision": 0.0,
    "recall": 0.0,
    "f1-score": 0.0,
    "support": 0.0
  },
  "29": {
    "precision": 0.07692307692307693,
    "recall": 0.125,
    "f1-score": 0.09523809523809525,
    "support": 8.0
  },
  "30": {
    "precision": 0.4375,
    "recall": 0.358974358974359,
    "f1-score": 0.39436619718309857,
    "support": 39.0
  },
  "31": {
    "precision": 0.35,
    "recall": 0.5833333333333334,
    "f1-score": 0.4375,
    "support": 12.0
  },
  "32": {
    "precision": 0.0,
    "recall": 0.0,
    "f1-score": 0.0,
    "support": 5.0
  },
  "34": {
    "precision": 0.2,
    "recall": 0.07142857142857142,
    "f1-score": 0.10526315789473682,
    "support": 14.0
  },
  "35": {
    "precision": 0.043478260869565216,
    "recall": 0.5,
    "f1-score": 0.08,
    "support": 2.0
  },
  "36": {
    "precision": 0.0,
    "recall": 0.0,
    "f1-score": 0.0,
    "support": 0.0
  },
  "37": {
    "precision": 0.0,
    "recall": 0.0,
    "f1-score": 0.0,
    "support": 0.0
  },
  "38": {
    "precision": 0.0,
    "recall": 0.0,
    "f1-score": 0.0,
    "support": 5.0
  },
  "39": {
    "precision": 0.5,
    "recall": 0.1111111111111111,
    "f1-score": 0.1818181818181818,
    "support": 9.0
  },
  "40": {
    "precision": 0.0,
    "recall": 0.0,
    "f1-score": 0.0,
    "support": 0.0
  },
  "41": {
    "precision": 0.16666666666666666,
    "recall": 0.03571428571428571,
    "f1-score": 0.058823529411764705,
    "support": 28.0
  },
  "42": {
    "precision": 0.0,
    "recall": 0.0,
    "f1-score": 0.0,
    "support": 4.0
  },
  "44": {
    "precision": 0.0,
    "recall": 0.0,
    "f1-score": 0.0,
    "support": 2.0
  },
  "45": {
    "precision": 0.0,
    "recall": 0.0,
    "f1-score": 0.0,
    "support": 6.0
  },
  "46": {
    "precision": 0.0,
    "recall": 0.0,
    "f1-score": 0.0,
    "support": 2.0
  },
  "47": {
    "precision": 0.0,
    "recall": 0.0,
    "f1-score": 0.0,
    "support": 12.0
  },
  "48": {
    "precision": 0.0,
    "recall": 0.0,
    "f1-score": 0.0,
    "support": 0.0
  },
  "49": {
    "precision": 0.0,
    "recall": 0.0,
    "f1-score": 0.0,
    "support": 1.0
  },
  "accuracy": 0.18324607329842932,
  "macro avg": {
    "precision": 0.1135158879525406,
    "recall": 0.09479125621864073,
    "f1-score": 0.08333735092122833,
    "support": 382.0
  },
  "weighted avg": {
    "precision": 0.23761895679462486,
    "recall": 0.18324607329842932,
    "f1-score": 0.18780378060635267,
    "support": 382.0
  },
  "top3_acc": 0.3743455497382199,
  "top5_acc": 0.4607329842931937,
  "top10_acc": 0.662303664921466,
  "top20_acc": 0.8821989528795812,
  "run_name": "cnn_deberta-large-frozen_u3_50_classes_last_dev_seed42",
  "model_location": "/work/disa_lab/projects/triagerx/models/openj9/cnn_deberta-large-frozen_u3_50_classes_last_dev_seed42.pt"
}