{
  "0": {
    "precision": 0.0,
    "recall": 0.0,
    "f1-score": 0.0,
    "support": 3.0
  },
  "1": {
    "precision": 0.25,
    "recall": 0.375,
    "f1-score": 0.3,
    "support": 8.0
  },
  "2": {
    "precision": 0.0,
    "recall": 0.0,
    "f1-score": 0.0,
    "support": 10.0
  },
  "3": {
    "precision": 0.6153846153846154,
    "recall": 0.48,
    "f1-score": 0.5393258426966293,
    "support": 50.0
  },
  "4": {
    "precision": 0.0,
    "recall": 0.0,
    "f1-score": 0.0,
    "support": 0.0
  },
  "5": {
    "precision": 0.0,
    "recall": 0.0,
    "f1-score": 0.0,
    "support": 0.0
  },
  "6": {
    "precision": 0.0,
    "recall": 0.0,
    "f1-score": 0.0,
    "support": 1.0
  },
  "7": {
    "precision": 0.2909090909090909,
    "recall": 0.3950617283950617,
    "f1-score": 0.3350785340314136,
    "support": 81.0
  },
  "8": {
    "precision": 1.0,
    "recall": 0.08333333333333333,
    "f1-score": 0.15384615384615385,
    "support": 12.0
  },
  "9": {
    "precision": 0.0,
    "recall": 0.0,
    "f1-score": 0.0,
    "support": 5.0
  },
  "10": {
    "precision": 0.16666666666666666,
    "recall": 1.0,
    "f1-score": 0.2857142857142857,
    "support": 1.0
  },
  "11": {
    "precision": 0.20833333333333334,
    "recall": 0.18518518518518517,
    "f1-score": 0.19607843137254902,
    "support": 27.0
  },
  "12": {
    "precision": 0.5151515151515151,
    "recall": 0.5,
    "f1-score": 0.5074626865671642,
    "support": 102.0
  },
  "14": {
    "precision": 0.5,
    "recall": 0.2,
    "f1-score": 0.28571428571428575,
    "support": 15.0
  },
  "15": {
    "precision": 0.3333333333333333,
    "recall": 0.5,
    "f1-score": 0.4,
    "support": 8.0
  },
  "16": {
    "precision": 0.0,
    "recall": 0.0,
    "f1-score": 0.0,
    "support": 0.0
  },
  "17": {
    "precision": 0.0,
    "recall": 0.0,
    "f1-score": 0.0,
    "support": 0.0
  },
  "18": {
    "precision": 0.6,
    "recall": 0.2,
    "f1-score": 0.3,
    "support": 30.0
  },
  "19": {
    "precision": 0.13793103448275862,
    "recall": 0.1111111111111111,
    "f1-score": 0.12307692307692307,
    "support": 36.0
  },
  "20": {
    "precision": 0.0,
    "recall": 0.0,
    "f1-score": 0.0,
    "support": 0.0
  },
  "21": {
    "precision": 0.13636363636363635,
    "recall": 0.21428571428571427,
    "f1-score": 0.16666666666666663,
    "support": 14.0
  },
  "22": {
    "precision": 0.5,
    "recall": 0.3333333333333333,
    "f1-score": 0.4,
    "support": 6.0
  },
  "23": {
    "precision": 0.3235294117647059,
    "recall": 0.6470588235294118,
    "f1-score": 0.4313725490196078,
    "support": 17.0
  },
  "25": {
    "precision": 0.2727272727272727,
    "recall": 0.23076923076923078,
    "f1-score": 0.24999999999999994,
    "support": 26.0
  },
  "26": {
    "precision": 0.16666666666666666,
    "recall": 0.5,
    "f1-score": 0.25,
    "support": 2.0
  },
  "27": {
    "precision": 0.13333333333333333,
    "recall": 0.11764705882352941,
    "f1-score": 0.125,
    "support": 17.0
  },
  "28": {
    "precision": 0.4634146341463415,
    "recall": 0.3114754098360656,
    "f1-score": 0.37254901960784315,
    "support": 61.0
  },
  "29": {
    "precision": 0.375,
    "recall": 0.48,
    "f1-score": 0.42105263157894735,
    "support": 25.0
  },
  "31": {
    "precision": 0.0,
    "recall": 0.0,
    "f1-score": 0.0,
    "support": 14.0
  },
  "32": {
    "precision": 0.125,
    "recall": 0.5,
    "f1-score": 0.2,
    "support": 2.0
  },
  "33": {
    "precision": 0.1,
    "recall": 0.07692307692307693,
    "f1-score": 0.08695652173913043,
    "support": 13.0
  },
  "34": {
    "precision": 0.0,
    "recall": 0.0,
    "f1-score": 0.0,
    "support": 13.0
  },
  "35": {
    "precision": 0.0,
    "recall": 0.0,
    "f1-score": 0.0,
    "support": 0.0
  },
  "36": {
    "precision": 0.3333333333333333,
    "recall": 0.2871287128712871,
    "f1-score": 0.30851063829787234,
    "support": 101.0
  },
  "37": {
    "precision": 0.0,
    "recall": 0.0,
    "f1-score": 0.0,
    "support": 4.0
  },
  "39": {
    "precision": 0.0,
    "recall": 0.0,
    "f1-score": 0.0,
    "support": 0.0
  },
  "40": {
    "precision": 0.06451612903225806,
    "recall": 0.13333333333333333,
    "f1-score": 0.08695652173913043,
    "support": 15.0
  },
  "41": {
    "precision": 0.0,
    "recall": 0.0,
    "f1-score": 0.0,
    "support": 16.0
  },
  "42": {
    "precision": 0.0,
    "recall": 0.0,
    "f1-score": 0.0,
    "support": 5.0
  },
  "accuracy": 0.3013513513513513,
  "macro avg": {
    "precision": 0.19516907709304773,
    "recall": 0.2015806679930686,
    "f1-score": 0.1673169664530411,
    "support": 740.0
  },
  "weighted avg": {
    "precision": 0.34287820748393466,
    "recall": 0.3013513513513513,
    "f1-score": 0.3041204681697794,
    "support": 740.0
  },
  "top3_acc": 0.5527027027027027,
  "top5_acc": 0.6581081081081082,
  "top10_acc": 0.8202702702702702,
  "run_name": "triagerx_ensemble_u3_42_classes_seed66",
  "model_location": "/work/disa_lab/projects/triagerx/models/triagerx_ensemble_u3_42_classes_seed66.pt"
}