{"0": {"precision": 0.776595744680851, "recall": 0.8295454545454546, "f1-score": 0.8021978021978021, "support": 88.0}, "1": {"precision": 0.7352941176470589, "recall": 0.5952380952380952, "f1-score": 0.6578947368421053, "support": 42.0}, "2": {"precision": 1.0, "recall": 0.2, "f1-score": 0.33333333333333337, "support": 10.0}, "3": {"precision": 0.0, "recall": 0.0, "f1-score": 0.0, "support": 3.0}, "4": {"precision": 0.76, "recall": 0.7786885245901639, "f1-score": 0.7692307692307693, "support": 122.0}, "5": {"precision": 0.853185595567867, "recall": 0.8725212464589235, "f1-score": 0.8627450980392156, "support": 353.0}, "accuracy": 0.813915857605178, "macro avg": {"precision": 0.6875125763159629, "recall": 0.5459988868054395, "f1-score": 0.5709002899405377, "support": 618.0}, "weighted avg": {"precision": 0.8141056532500782, "recall": 0.813915857605178, "f1-score": 0.8089862335406235, "support": 618.0}, "test_accuracy": 0.813915857605178, "run_name": "comp_summary_sp_tokens_LBTPDeberta_u5_6_classes_seed66", "model_location": "/work/disa_lab/projects/triagerx/models/comp_summary_sp_tokens_LBTPDeberta_u5_6_classes_seed66.pt"}