{
  "0": {
    "precision": 0.7391304347826086,
    "recall": 0.8192771084337349,
    "f1-score": 0.7771428571428571,
    "support": 83.0
  },
  "1": {
    "precision": 0.6481481481481481,
    "recall": 0.5737704918032787,
    "f1-score": 0.6086956521739131,
    "support": 61.0
  },
  "2": {
    "precision": 0.5555555555555556,
    "recall": 0.625,
    "f1-score": 0.5882352941176471,
    "support": 8.0
  },
  "3": {
    "precision": 0.6,
    "recall": 0.5,
    "f1-score": 0.5454545454545454,
    "support": 6.0
  },
  "4": {
    "precision": 0.6510067114093959,
    "recall": 0.782258064516129,
    "f1-score": 0.7106227106227105,
    "support": 124.0
  },
  "5": {
    "precision": 0.8543689320388349,
    "recall": 0.7857142857142857,
    "f1-score": 0.8186046511627907,
    "support": 336.0
  },
  "accuracy": 0.7637540453074434,
  "macro avg": {
    "precision": 0.6747016303224238,
    "recall": 0.6810033250779047,
    "f1-score": 0.674792618445744,
    "support": 618.0
  },
  "weighted avg": {
    "precision": 0.771394985353158,
    "recall": 0.7637540453074434,
    "f1-score": 0.7650166350470033,
    "support": 618.0
  },
  "top3_accuracy": 0.9805825242718447,
  "run_name": "comp_sp_tokens_LBTPDeberta_u5_6_classes_seed41",
  "model_location": "/work/disa_lab/projects/triagerx/models/comp_sp_tokens_LBTPDeberta_u5_6_classes_seed41.pt"
}