{
  "0": {
    "precision": 0.0,
    "recall": 0.0,
    "f1-score": 0.0,
    "support": 2.0
  },
  "1": {
    "precision": 0.2222222222222222,
    "recall": 0.25,
    "f1-score": 0.23529411764705882,
    "support": 8.0
  },
  "2": {
    "precision": 0.0,
    "recall": 0.0,
    "f1-score": 0.0,
    "support": 9.0
  },
  "3": {
    "precision": 0.40540540540540543,
    "recall": 0.3,
    "f1-score": 0.3448275862068966,
    "support": 50.0
  },
  "4": {
    "precision": 0.0,
    "recall": 0.0,
    "f1-score": 0.0,
    "support": 0.0
  },
  "5": {
    "precision": 0.0,
    "recall": 0.0,
    "f1-score": 0.0,
    "support": 0.0
  },
  "6": {
    "precision": 0.0,
    "recall": 0.0,
    "f1-score": 0.0,
    "support": 1.0
  },
  "7": {
    "precision": 0.3157894736842105,
    "recall": 0.1518987341772152,
    "f1-score": 0.20512820512820512,
    "support": 79.0
  },
  "8": {
    "precision": 0.2,
    "recall": 0.08333333333333333,
    "f1-score": 0.11764705882352941,
    "support": 12.0
  },
  "9": {
    "precision": 0.03333333333333333,
    "recall": 0.16666666666666666,
    "f1-score": 0.05555555555555555,
    "support": 6.0
  },
  "10": {
    "precision": 0.1,
    "recall": 1.0,
    "f1-score": 0.18181818181818182,
    "support": 1.0
  },
  "11": {
    "precision": 0.2,
    "recall": 0.037037037037037035,
    "f1-score": 0.0625,
    "support": 27.0
  },
  "12": {
    "precision": 0.4732824427480916,
    "recall": 0.5904761904761905,
    "f1-score": 0.5254237288135594,
    "support": 105.0
  },
  "13": {
    "precision": 0.6,
    "recall": 0.1875,
    "f1-score": 0.2857142857142857,
    "support": 16.0
  },
  "14": {
    "precision": 0.25,
    "recall": 0.25,
    "f1-score": 0.25,
    "support": 8.0
  },
  "15": {
    "precision": 0.0,
    "recall": 0.0,
    "f1-score": 0.0,
    "support": 0.0
  },
  "16": {
    "precision": 0.0,
    "recall": 0.0,
    "f1-score": 0.0,
    "support": 0.0
  },
  "17": {
    "precision": 0.4444444444444444,
    "recall": 0.14814814814814814,
    "f1-score": 0.2222222222222222,
    "support": 27.0
  },
  "18": {
    "precision": 0.13953488372093023,
    "recall": 0.1875,
    "f1-score": 0.15999999999999998,
    "support": 32.0
  },
  "19": {
    "precision": 0.0,
    "recall": 0.0,
    "f1-score": 0.0,
    "support": 0.0
  },
  "20": {
    "precision": 0.18181818181818182,
    "recall": 0.2857142857142857,
    "f1-score": 0.2222222222222222,
    "support": 14.0
  },
  "21": {
    "precision": 0.29411764705882354,
    "recall": 0.5555555555555556,
    "f1-score": 0.3846153846153846,
    "support": 18.0
  },
  "22": {
    "precision": 0.0,
    "recall": 0.0,
    "f1-score": 0.0,
    "support": 0.0
  },
  "23": {
    "precision": 0.2962962962962963,
    "recall": 0.2857142857142857,
    "f1-score": 0.2909090909090909,
    "support": 28.0
  },
  "24": {
    "precision": 0.10526315789473684,
    "recall": 1.0,
    "f1-score": 0.1904761904761905,
    "support": 2.0
  },
  "25": {
    "precision": 0.10526315789473684,
    "recall": 0.125,
    "f1-score": 0.11428571428571428,
    "support": 16.0
  },
  "26": {
    "precision": 0.43902439024390244,
    "recall": 0.3103448275862069,
    "f1-score": 0.36363636363636365,
    "support": 58.0
  },
  "27": {
    "precision": 0.275,
    "recall": 0.44,
    "f1-score": 0.3384615384615385,
    "support": 25.0
  },
  "28": {
    "precision": 0.0,
    "recall": 0.0,
    "f1-score": 0.0,
    "support": 0.0
  },
  "29": {
    "precision": 0.045454545454545456,
    "recall": 0.07692307692307693,
    "f1-score": 0.05714285714285715,
    "support": 13.0
  },
  "30": {
    "precision": 0.09090909090909091,
    "recall": 0.5,
    "f1-score": 0.15384615384615385,
    "support": 2.0
  },
  "31": {
    "precision": 0.2857142857142857,
    "recall": 0.3076923076923077,
    "f1-score": 0.29629629629629634,
    "support": 13.0
  },
  "32": {
    "precision": 0.0,
    "recall": 0.0,
    "f1-score": 0.0,
    "support": 13.0
  },
  "33": {
    "precision": 0.0,
    "recall": 0.0,
    "f1-score": 0.0,
    "support": 0.0
  },
  "34": {
    "precision": 0.2564102564102564,
    "recall": 0.10204081632653061,
    "f1-score": 0.145985401459854,
    "support": 98.0
  },
  "35": {
    "precision": 0.0,
    "recall": 0.0,
    "f1-score": 0.0,
    "support": 4.0
  },
  "36": {
    "precision": 0.0,
    "recall": 0.0,
    "f1-score": 0.0,
    "support": 0.0
  },
  "38": {
    "precision": 0.0,
    "recall": 0.0,
    "f1-score": 0.0,
    "support": 16.0
  },
  "39": {
    "precision": 0.3333333333333333,
    "recall": 0.05555555555555555,
    "f1-score": 0.09523809523809525,
    "support": 18.0
  },
  "40": {
    "precision": 0.0,
    "recall": 0.0,
    "f1-score": 0.0,
    "support": 5.0
  },
  "accuracy": 0.25068870523415976,
  "macro avg": {
    "precision": 0.15231541371467067,
    "recall": 0.18492752052265987,
    "f1-score": 0.1324811562629814,
    "support": 726.0
  },
  "weighted avg": {
    "precision": 0.30143171806749236,
    "recall": 0.25068870523415976,
    "f1-score": 0.2516102852285156,
    "support": 726.0
  },
  "top3_acc": 0.48622589531680444,
  "top5_acc": 0.6363636363636364,
  "top10_acc": 0.790633608815427,
  "run_name": "cnn_deberta-base_u3_42_classes_most_seed42",
  "model_location": "/work/disa_lab/projects/triagerx/models/openj9/cnn_deberta-base_u3_42_classes_most_seed42.pt"
}