{"0": {"precision": 0.76, "recall": 0.6951219512195121, "f1-score": 0.7261146496815286, "support": 82.0}, "1": {"precision": 0.7777777777777778, "recall": 0.6140350877192983, "f1-score": 0.6862745098039216, "support": 57.0}, "2": {"precision": 0.5, "recall": 0.375, "f1-score": 0.42857142857142855, "support": 8.0}, "3": {"precision": 0.42857142857142855, "recall": 0.5, "f1-score": 0.4615384615384615, "support": 6.0}, "4": {"precision": 0.5833333333333334, "recall": 0.7058823529411765, "f1-score": 0.6387832699619772, "support": 119.0}, "5": {"precision": 0.8269794721407625, "recall": 0.815028901734104, "f1-score": 0.8209606986899564, "support": 346.0}, "accuracy": 0.7508090614886731, "macro avg": {"precision": 0.6461103353038837, "recall": 0.6175113822690151, "f1-score": 0.6270405030412124, "support": 618.0}, "weighted avg": {"precision": 0.7585377442267515, "recall": 0.7508090614886731, "f1-score": 0.7523049537260701, "support": 618.0}, "test_accuracy": 0.7508090614886731, "run_name": "comp_raw_data_LBTPDeberta_u5_6_classes_seed66", "model_location": "/work/disa_lab/projects/triagerx/models/comp_raw_data_LBTPDeberta_u5_6_classes_seed66.pt"}