{"0": {"precision": 0.8131868131868132, "recall": 0.7956989247311828, "f1-score": 0.8043478260869565, "support": 93.0}, "1": {"precision": 0.5476190476190477, "recall": 0.575, "f1-score": 0.5609756097560975, "support": 40.0}, "2": {"precision": 1.0, "recall": 0.2857142857142857, "f1-score": 0.4444444444444445, "support": 7.0}, "3": {"precision": 0.6666666666666666, "recall": 0.2857142857142857, "f1-score": 0.4, "support": 7.0}, "4": {"precision": 0.6774193548387096, "recall": 0.7, "f1-score": 0.6885245901639343, "support": 120.0}, "5": {"precision": 0.8370786516853933, "recall": 0.8490028490028491, "f1-score": 0.842998585572843, "support": 351.0}, "accuracy": 0.7815533980582524, "macro avg": {"precision": 0.7569950889994383, "recall": 0.5818550575271004, "f1-score": 0.6235485093373794, "support": 618.0}, "weighted avg": {"precision": 0.7836613778641107, "recall": 0.7815533980582524, "f1-score": 0.7794011936621068, "support": 618.0}, "test_accuracy": 0.7815533980582524, "run_name": "comp_summary_sp_tokens_LBTPDeberta_u5_6_classes_seed41", "model_location": "/work/disa_lab/projects/triagerx/models/comp_summary_sp_tokens_LBTPDeberta_u5_6_classes_seed41.pt"}