{
  "0": {
    "precision": 0.625,
    "recall": 0.35714285714285715,
    "f1-score": 0.45454545454545453,
    "support": 42.0
  },
  "1": {
    "precision": 0.30434782608695654,
    "recall": 0.21875,
    "f1-score": 0.2545454545454546,
    "support": 64.0
  },
  "2": {
    "precision": 0.6,
    "recall": 0.42857142857142855,
    "f1-score": 0.5,
    "support": 7.0
  },
  "3": {
    "precision": 0.1111111111111111,
    "recall": 0.3333333333333333,
    "f1-score": 0.16666666666666666,
    "support": 3.0
  },
  "4": {
    "precision": 0.0,
    "recall": 0.0,
    "f1-score": 0.0,
    "support": 1.0
  },
  "5": {
    "precision": 0.45454545454545453,
    "recall": 0.6097560975609756,
    "f1-score": 0.5208333333333334,
    "support": 82.0
  },
  "6": {
    "precision": 1.0,
    "recall": 0.16666666666666666,
    "f1-score": 0.2857142857142857,
    "support": 6.0
  },
  "7": {
    "precision": 0.16,
    "recall": 0.16,
    "f1-score": 0.16,
    "support": 25.0
  },
  "8": {
    "precision": 0.2222222222222222,
    "recall": 0.3076923076923077,
    "f1-score": 0.2580645161290323,
    "support": 13.0
  },
  "9": {
    "precision": 0.2727272727272727,
    "recall": 0.42857142857142855,
    "f1-score": 0.33333333333333326,
    "support": 7.0
  },
  "10": {
    "precision": 0.4883720930232558,
    "recall": 0.4117647058823529,
    "f1-score": 0.44680851063829785,
    "support": 51.0
  },
  "11": {
    "precision": 0.13333333333333333,
    "recall": 0.2857142857142857,
    "f1-score": 0.18181818181818182,
    "support": 7.0
  },
  "12": {
    "precision": 0.40625,
    "recall": 0.37681159420289856,
    "f1-score": 0.3909774436090226,
    "support": 69.0
  },
  "13": {
    "precision": 0.0,
    "recall": 0.0,
    "f1-score": 0.0,
    "support": 12.0
  },
  "14": {
    "precision": 0.0,
    "recall": 0.0,
    "f1-score": 0.0,
    "support": 5.0
  },
  "accuracy": 0.36548223350253806,
  "macro avg": {
    "precision": 0.31852728753664045,
    "recall": 0.27231831368923565,
    "f1-score": 0.2635538120222042,
    "support": 394.0
  },
  "weighted avg": {
    "precision": 0.3964565008911802,
    "recall": 0.36548223350253806,
    "f1-score": 0.36682744719987564,
    "support": 394.0
  },
  "top3_accuracy": 0.6928934010152284,
  "run_name": "dev_sp_tokens_LBTPDeberta_u3_15_classes_seed66",
  "model_location": "/work/disa_lab/projects/triagerx/models/dev_sp_tokens_LBTPDeberta_u3_15_classes_seed66.pt"
}