{
    "0": {
        "precision": 0.5135135135135135,
        "recall": 0.5757575757575758,
        "f1-score": 0.5428571428571428,
        "support": 33
    },
    "1": {
        "precision": 0.2708333333333333,
        "recall": 0.18055555555555555,
        "f1-score": 0.21666666666666667,
        "support": 72
    },
    "2": {
        "precision": 0.6666666666666666,
        "recall": 0.5714285714285714,
        "f1-score": 0.6153846153846153,
        "support": 7
    },
    "3": {
        "precision": 0.1,
        "recall": 0.6,
        "f1-score": 0.17142857142857143,
        "support": 5
    },
    "4": {
        "precision": 0,
        "recall": 0,
        "f1-score": 0,
        "support": 1
    },
    "5": {
        "precision": 0.4745762711864407,
        "recall": 0.32558139534883723,
        "f1-score": 0.3862068965517242,
        "support": 86
    },
    "6": {
        "precision": 0.2,
        "recall": 0.2,
        "f1-score": 0.20000000000000004,
        "support": 5
    },
    "7": {
        "precision": 0.2,
        "recall": 0.45,
        "f1-score": 0.27692307692307694,
        "support": 20
    },
    "8": {
        "precision": 0.3157894736842105,
        "recall": 0.6,
        "f1-score": 0.41379310344827586,
        "support": 10
    },
    "9": {
        "precision": 0.2222222222222222,
        "recall": 0.3333333333333333,
        "f1-score": 0.26666666666666666,
        "support": 6
    },
    "10": {
        "precision": 0.45,
        "recall": 0.375,
        "f1-score": 0.4090909090909091,
        "support": 48
    },
    "11": {
        "precision": 0,
        "recall": 0,
        "f1-score": 0,
        "support": 9
    },
    "12": {
        "precision": 0.30357142857142855,
        "recall": 0.288135593220339,
        "f1-score": 0.2956521739130435,
        "support": 59
    },
    "13": {
        "precision": 0,
        "recall": 0,
        "f1-score": 0,
        "support": 9
    },
    "14": {
        "precision": 0,
        "recall": 0,
        "f1-score": 0,
        "support": 8
    },
    "accuracy": 0.31746031746031744,
    "macro avg": {
        "precision": 0.24781152727852104,
        "recall": 0.29998613497628085,
        "f1-score": 0.2529779881953795,
        "support": 378
    },
    "weighted avg": {
        "precision": 0.34769342404903764,
        "recall": 0.31746031746031744,
        "f1-score": 0.3207649429966843,
        "support": 378
    },
    "top3_accuracy": 0.6322751322751323,
    "run_name": "dev_sp_tokens_LBTPDeberta_u4_16_classes_seed66",
    "model_location": "/work/disa_lab/projects/triagerx/models/dev_sp_tokens_LBTPDeberta_u4_16_classes_seed66.pt"
}