{
  "0": {
    "precision": 0.0,
    "recall": 0.0,
    "f1-score": 0.0,
    "support": 3.0
  },
  "1": {
    "precision": 0.3076923076923077,
    "recall": 0.5,
    "f1-score": 0.380952380952381,
    "support": 8.0
  },
  "2": {
    "precision": 0.0,
    "recall": 0.0,
    "f1-score": 0.0,
    "support": 10.0
  },
  "3": {
    "precision": 0.5365853658536586,
    "recall": 0.44,
    "f1-score": 0.4835164835164836,
    "support": 50.0
  },
  "4": {
    "precision": 0.0,
    "recall": 0.0,
    "f1-score": 0.0,
    "support": 0.0
  },
  "5": {
    "precision": 0.0,
    "recall": 0.0,
    "f1-score": 0.0,
    "support": 0.0
  },
  "6": {
    "precision": 0.0,
    "recall": 0.0,
    "f1-score": 0.0,
    "support": 1.0
  },
  "7": {
    "precision": 0.25,
    "recall": 0.13580246913580246,
    "f1-score": 0.176,
    "support": 81.0
  },
  "8": {
    "precision": 0.4,
    "recall": 0.16666666666666666,
    "f1-score": 0.23529411764705882,
    "support": 12.0
  },
  "9": {
    "precision": 0.0,
    "recall": 0.0,
    "f1-score": 0.0,
    "support": 5.0
  },
  "10": {
    "precision": 0.14285714285714285,
    "recall": 1.0,
    "f1-score": 0.25,
    "support": 1.0
  },
  "11": {
    "precision": 0.3333333333333333,
    "recall": 0.14814814814814814,
    "f1-score": 0.20512820512820512,
    "support": 27.0
  },
  "12": {
    "precision": 0.4959349593495935,
    "recall": 0.5980392156862745,
    "f1-score": 0.5422222222222222,
    "support": 102.0
  },
  "14": {
    "precision": 0.4,
    "recall": 0.13333333333333333,
    "f1-score": 0.2,
    "support": 15.0
  },
  "15": {
    "precision": 0.26666666666666666,
    "recall": 0.5,
    "f1-score": 0.3478260869565218,
    "support": 8.0
  },
  "16": {
    "precision": 0.0,
    "recall": 0.0,
    "f1-score": 0.0,
    "support": 0.0
  },
  "17": {
    "precision": 0.0,
    "recall": 0.0,
    "f1-score": 0.0,
    "support": 0.0
  },
  "18": {
    "precision": 0.4444444444444444,
    "recall": 0.13333333333333333,
    "f1-score": 0.20512820512820512,
    "support": 30.0
  },
  "19": {
    "precision": 0.17307692307692307,
    "recall": 0.25,
    "f1-score": 0.20454545454545453,
    "support": 36.0
  },
  "20": {
    "precision": 0.0,
    "recall": 0.0,
    "f1-score": 0.0,
    "support": 0.0
  },
  "21": {
    "precision": 0.25,
    "recall": 0.42857142857142855,
    "f1-score": 0.3157894736842105,
    "support": 14.0
  },
  "22": {
    "precision": 0.4,
    "recall": 0.3333333333333333,
    "f1-score": 0.3636363636363636,
    "support": 6.0
  },
  "23": {
    "precision": 0.45454545454545453,
    "recall": 0.5882352941176471,
    "f1-score": 0.5128205128205129,
    "support": 17.0
  },
  "25": {
    "precision": 0.42857142857142855,
    "recall": 0.23076923076923078,
    "f1-score": 0.3,
    "support": 26.0
  },
  "26": {
    "precision": 0.16666666666666666,
    "recall": 0.5,
    "f1-score": 0.25,
    "support": 2.0
  },
  "27": {
    "precision": 0.0625,
    "recall": 0.11764705882352941,
    "f1-score": 0.08163265306122448,
    "support": 17.0
  },
  "28": {
    "precision": 0.3333333333333333,
    "recall": 0.36065573770491804,
    "f1-score": 0.3464566929133858,
    "support": 61.0
  },
  "29": {
    "precision": 0.35135135135135137,
    "recall": 0.52,
    "f1-score": 0.4193548387096775,
    "support": 25.0
  },
  "31": {
    "precision": 0.14285714285714285,
    "recall": 0.07142857142857142,
    "f1-score": 0.09523809523809523,
    "support": 14.0
  },
  "32": {
    "precision": 0.1111111111111111,
    "recall": 1.0,
    "f1-score": 0.19999999999999998,
    "support": 2.0
  },
  "33": {
    "precision": 0.08333333333333333,
    "recall": 0.07692307692307693,
    "f1-score": 0.08,
    "support": 13.0
  },
  "34": {
    "precision": 0.0,
    "recall": 0.0,
    "f1-score": 0.0,
    "support": 13.0
  },
  "35": {
    "precision": 0.0,
    "recall": 0.0,
    "f1-score": 0.0,
    "support": 0.0
  },
  "36": {
    "precision": 0.5357142857142857,
    "recall": 0.1485148514851485,
    "f1-score": 0.23255813953488372,
    "support": 101.0
  },
  "37": {
    "precision": 0.0,
    "recall": 0.0,
    "f1-score": 0.0,
    "support": 4.0
  },
  "40": {
    "precision": 0.05128205128205128,
    "recall": 0.13333333333333333,
    "f1-score": 0.07407407407407407,
    "support": 15.0
  },
  "41": {
    "precision": 0.0,
    "recall": 0.0,
    "f1-score": 0.0,
    "support": 16.0
  },
  "42": {
    "precision": 0.0,
    "recall": 0.0,
    "f1-score": 0.0,
    "support": 5.0
  },
  "accuracy": 0.2797297297297297,
  "macro avg": {
    "precision": 0.18741729742211127,
    "recall": 0.22407197586299404,
    "f1-score": 0.17110984209918317,
    "support": 740.0
  },
  "weighted avg": {
    "precision": 0.3449073988522736,
    "recall": 0.2797297297297297,
    "f1-score": 0.28202339521592384,
    "support": 740.0
  },
  "top3_acc": 0.5297297297297298,
  "top5_acc": 0.6756756756756757,
  "top10_acc": 0.8189189189189189,
  "run_name": "cnn_deberta-large_u3_42_classes_seed66",
  "model_location": "/work/disa_lab/projects/triagerx/models/cnn_deberta-large_u3_42_classes_seed66.pt"
}