{"0": {"precision": 0.810126582278481, "recall": 0.7710843373493976, "f1-score": 0.7901234567901234, "support": 83.0}, "1": {"precision": 0.7647058823529411, "recall": 0.48148148148148145, "f1-score": 0.5909090909090909, "support": 54.0}, "2": {"precision": 0.0, "recall": 0.0, "f1-score": 0.0, "support": 7.0}, "3": {"precision": 1.0, "recall": 0.3333333333333333, "f1-score": 0.5, "support": 9.0}, "4": {"precision": 0.7373737373737373, "recall": 0.6239316239316239, "f1-score": 0.6759259259259258, "support": 117.0}, "5": {"precision": 0.8014888337468983, "recall": 0.9281609195402298, "f1-score": 0.8601864181091878, "support": 348.0}, "accuracy": 0.7912621359223301, "macro avg": {"precision": 0.6856158392920096, "recall": 0.5229986159393444, "f1-score": 0.569524148622388, "support": 618.0}, "weighted avg": {"precision": 0.7811091673022987, "recall": 0.7912621359223301, "f1-score": 0.7773746677313945, "support": 618.0}, "test_accuracy": 0.7912621359223301, "run_name": "comp_sp_tokens_LBTPDeberta_u5_6_classes_seed66", "model_location": "/work/disa_lab/projects/triagerx/models/comp_sp_tokens_LBTPDeberta_u5_6_classes_seed66.pt"}