{
  "0": {
    "precision": 0.32,
    "recall": 0.45454545454545453,
    "f1-score": 0.3755868544600939,
    "support": 88.0
  },
  "1": {
    "precision": 0.3,
    "recall": 0.20388349514563106,
    "f1-score": 0.24277456647398843,
    "support": 103.0
  },
  "2": {
    "precision": 0.0,
    "recall": 0.0,
    "f1-score": 0.0,
    "support": 0.0
  },
  "3": {
    "precision": 0.0,
    "recall": 0.0,
    "f1-score": 0.0,
    "support": 0.0
  },
  "4": {
    "precision": 0.5159235668789809,
    "recall": 0.3875598086124402,
    "f1-score": 0.4426229508196721,
    "support": 209.0
  },
  "5": {
    "precision": 0.4222222222222222,
    "recall": 0.36538461538461536,
    "f1-score": 0.39175257731958757,
    "support": 104.0
  },
  "7": {
    "precision": 0.0,
    "recall": 0.0,
    "f1-score": 0.0,
    "support": 4.0
  },
  "10": {
    "precision": 0.15789473684210525,
    "recall": 0.15789473684210525,
    "f1-score": 0.15789473684210525,
    "support": 19.0
  },
  "11": {
    "precision": 0.0,
    "recall": 0.0,
    "f1-score": 0.0,
    "support": 24.0
  },
  "12": {
    "precision": 0.0,
    "recall": 0.0,
    "f1-score": 0.0,
    "support": 0.0
  },
  "13": {
    "precision": 0.08139534883720931,
    "recall": 0.20588235294117646,
    "f1-score": 0.11666666666666668,
    "support": 34.0
  },
  "14": {
    "precision": 0.0,
    "recall": 0.0,
    "f1-score": 0.0,
    "support": 5.0
  },
  "15": {
    "precision": 0.0,
    "recall": 0.0,
    "f1-score": 0.0,
    "support": 27.0
  },
  "16": {
    "precision": 0.0,
    "recall": 0.0,
    "f1-score": 0.0,
    "support": 2.0
  },
  "17": {
    "precision": 0.22602739726027396,
    "recall": 0.3793103448275862,
    "f1-score": 0.28326180257510725,
    "support": 87.0
  },
  "18": {
    "precision": 0.0,
    "recall": 0.0,
    "f1-score": 0.0,
    "support": 0.0
  },
  "19": {
    "precision": 0.0,
    "recall": 0.0,
    "f1-score": 0.0,
    "support": 13.0
  },
  "22": {
    "precision": 0.0,
    "recall": 0.0,
    "f1-score": 0.0,
    "support": 0.0
  },
  "23": {
    "precision": 0.0,
    "recall": 0.0,
    "f1-score": 0.0,
    "support": 0.0
  },
  "24": {
    "precision": 0.0,
    "recall": 0.0,
    "f1-score": 0.0,
    "support": 0.0
  },
  "25": {
    "precision": 0.1935483870967742,
    "recall": 0.3,
    "f1-score": 0.23529411764705882,
    "support": 20.0
  },
  "26": {
    "precision": 0.09090909090909091,
    "recall": 0.027777777777777776,
    "f1-score": 0.0425531914893617,
    "support": 36.0
  },
  "27": {
    "precision": 0.0,
    "recall": 0.0,
    "f1-score": 0.0,
    "support": 0.0
  },
  "28": {
    "precision": 0.0,
    "recall": 0.0,
    "f1-score": 0.0,
    "support": 0.0
  },
  "29": {
    "precision": 0.691358024691358,
    "recall": 0.5,
    "f1-score": 0.5803108808290155,
    "support": 112.0
  },
  "30": {
    "precision": 0.0,
    "recall": 0.0,
    "f1-score": 0.0,
    "support": 14.0
  },
  "31": {
    "precision": 0.42105263157894735,
    "recall": 0.32,
    "f1-score": 0.3636363636363636,
    "support": 50.0
  },
  "32": {
    "precision": 0.0,
    "recall": 0.0,
    "f1-score": 0.0,
    "support": 1.0
  },
  "33": {
    "precision": 0.6271186440677966,
    "recall": 0.5285714285714286,
    "f1-score": 0.5736434108527132,
    "support": 70.0
  },
  "34": {
    "precision": 0.0,
    "recall": 0.0,
    "f1-score": 0.0,
    "support": 0.0
  },
  "36": {
    "precision": 0.53125,
    "recall": 0.20987654320987653,
    "f1-score": 0.30088495575221236,
    "support": 81.0
  },
  "37": {
    "precision": 0.0,
    "recall": 0.0,
    "f1-score": 0.0,
    "support": 0.0
  },
  "38": {
    "precision": 0.0,
    "recall": 0.0,
    "f1-score": 0.0,
    "support": 0.0
  },
  "39": {
    "precision": 0.07142857142857142,
    "recall": 0.125,
    "f1-score": 0.09090909090909091,
    "support": 16.0
  },
  "accuracy": 0.3199285075960679,
  "macro avg": {
    "precision": 0.13676848887686266,
    "recall": 0.12252019287817915,
    "f1-score": 0.12346447547861873,
    "support": 1119.0
  },
  "weighted avg": {
    "precision": 0.3842107235009582,
    "recall": 0.3199285075960679,
    "f1-score": 0.3380822444181853,
    "support": 1119.0
  },
  "top3_acc": 0.5522788203753352,
  "top5_acc": 0.6693476318141197,
  "top10_acc": 0.8248436103663985,
  "top20_acc": 0.9294012511170688,
  "run_name": "ts_fcn_roberta-large_u3_40_classes_last_dev_seed42",
  "model_location": "/work/disa_lab/projects/triagerx/models/typescript/ts_fcn_roberta-large_u3_40_classes_last_dev_seed42.pt"
}