{
  "0": {
    "precision": 0.23333333333333334,
    "recall": 0.28,
    "f1-score": 0.2545454545454545,
    "support": 25.0
  },
  "1": {
    "precision": 0.0,
    "recall": 0.0,
    "f1-score": 0.0,
    "support": 8.0
  },
  "2": {
    "precision": 0.0,
    "recall": 0.0,
    "f1-score": 0.0,
    "support": 0.0
  },
  "4": {
    "precision": 0.4444444444444444,
    "recall": 0.22857142857142856,
    "f1-score": 0.3018867924528302,
    "support": 35.0
  },
  "5": {
    "precision": 1.0,
    "recall": 0.5,
    "f1-score": 0.6666666666666666,
    "support": 6.0
  },
  "8": {
    "precision": 0.0,
    "recall": 0.0,
    "f1-score": 0.0,
    "support": 0.0
  },
  "9": {
    "precision": 0.0,
    "recall": 0.0,
    "f1-score": 0.0,
    "support": 0.0
  },
  "10": {
    "precision": 0.0,
    "recall": 0.0,
    "f1-score": 0.0,
    "support": 0.0
  },
  "11": {
    "precision": 0.0,
    "recall": 0.0,
    "f1-score": 0.0,
    "support": 0.0
  },
  "12": {
    "precision": 0.0,
    "recall": 0.0,
    "f1-score": 0.0,
    "support": 0.0
  },
  "13": {
    "precision": 0.0,
    "recall": 0.0,
    "f1-score": 0.0,
    "support": 0.0
  },
  "15": {
    "precision": 0.0,
    "recall": 0.0,
    "f1-score": 0.0,
    "support": 1.0
  },
  "16": {
    "precision": 0.1588785046728972,
    "recall": 0.15454545454545454,
    "f1-score": 0.15668202764976957,
    "support": 110.0
  },
  "17": {
    "precision": 0.0,
    "recall": 0.0,
    "f1-score": 0.0,
    "support": 1.0
  },
  "18": {
    "precision": 0.0,
    "recall": 0.0,
    "f1-score": 0.0,
    "support": 0.0
  },
  "19": {
    "precision": 0.0,
    "recall": 0.0,
    "f1-score": 0.0,
    "support": 0.0
  },
  "20": {
    "precision": 0.0,
    "recall": 0.0,
    "f1-score": 0.0,
    "support": 0.0
  },
  "22": {
    "precision": 0.0,
    "recall": 0.0,
    "f1-score": 0.0,
    "support": 0.0
  },
  "23": {
    "precision": 0.0,
    "recall": 0.0,
    "f1-score": 0.0,
    "support": 0.0
  },
  "24": {
    "precision": 0.0,
    "recall": 0.0,
    "f1-score": 0.0,
    "support": 0.0
  },
  "26": {
    "precision": 0.0,
    "recall": 0.0,
    "f1-score": 0.0,
    "support": 1.0
  },
  "27": {
    "precision": 0.0,
    "recall": 0.0,
    "f1-score": 0.0,
    "support": 2.0
  },
  "31": {
    "precision": 0.3063063063063063,
    "recall": 0.5396825396825397,
    "f1-score": 0.3908045977011494,
    "support": 63.0
  },
  "32": {
    "precision": 0.0,
    "recall": 0.0,
    "f1-score": 0.0,
    "support": 2.0
  },
  "33": {
    "precision": 0.0,
    "recall": 0.0,
    "f1-score": 0.0,
    "support": 0.0
  },
  "34": {
    "precision": 0.0,
    "recall": 0.0,
    "f1-score": 0.0,
    "support": 0.0
  },
  "35": {
    "precision": 0.0,
    "recall": 0.0,
    "f1-score": 0.0,
    "support": 7.0
  },
  "37": {
    "precision": 0.25,
    "recall": 0.2857142857142857,
    "f1-score": 0.26666666666666666,
    "support": 7.0
  },
  "38": {
    "precision": 0.0,
    "recall": 0.0,
    "f1-score": 0.0,
    "support": 4.0
  },
  "40": {
    "precision": 0.0,
    "recall": 0.0,
    "f1-score": 0.0,
    "support": 0.0
  },
  "41": {
    "precision": 0.4,
    "recall": 0.125,
    "f1-score": 0.19047619047619047,
    "support": 32.0
  },
  "42": {
    "precision": 0.36,
    "recall": 0.5294117647058824,
    "f1-score": 0.42857142857142855,
    "support": 17.0
  },
  "43": {
    "precision": 0.3157894736842105,
    "recall": 0.2857142857142857,
    "f1-score": 0.3,
    "support": 21.0
  },
  "44": {
    "precision": 0.045454545454545456,
    "recall": 0.09090909090909091,
    "f1-score": 0.060606060606060615,
    "support": 11.0
  },
  "45": {
    "precision": 0.0,
    "recall": 0.0,
    "f1-score": 0.0,
    "support": 1.0
  },
  "47": {
    "precision": 0.0,
    "recall": 0.0,
    "f1-score": 0.0,
    "support": 0.0
  },
  "48": {
    "precision": 0.75,
    "recall": 0.42857142857142855,
    "f1-score": 0.5454545454545454,
    "support": 42.0
  },
  "49": {
    "precision": 0.5,
    "recall": 0.21621621621621623,
    "f1-score": 0.3018867924528302,
    "support": 37.0
  },
  "51": {
    "precision": 0.0,
    "recall": 0.0,
    "f1-score": 0.0,
    "support": 0.0
  },
  "52": {
    "precision": 0.0,
    "recall": 0.0,
    "f1-score": 0.0,
    "support": 0.0
  },
  "54": {
    "precision": 0.35064935064935066,
    "recall": 0.2125984251968504,
    "f1-score": 0.2647058823529411,
    "support": 127.0
  },
  "56": {
    "precision": 0.4166666666666667,
    "recall": 0.1111111111111111,
    "f1-score": 0.17543859649122806,
    "support": 45.0
  },
  "57": {
    "precision": 0.0,
    "recall": 0.0,
    "f1-score": 0.0,
    "support": 1.0
  },
  "63": {
    "precision": 0.0,
    "recall": 0.0,
    "f1-score": 0.0,
    "support": 11.0
  },
  "64": {
    "precision": 0.12280701754385964,
    "recall": 0.15217391304347827,
    "f1-score": 0.13592233009708737,
    "support": 46.0
  },
  "65": {
    "precision": 0.0,
    "recall": 0.0,
    "f1-score": 0.0,
    "support": 5.0
  },
  "66": {
    "precision": 1.0,
    "recall": 0.07692307692307693,
    "f1-score": 0.14285714285714288,
    "support": 13.0
  },
  "68": {
    "precision": 0.0,
    "recall": 0.0,
    "f1-score": 0.0,
    "support": 0.0
  },
  "69": {
    "precision": 0.75,
    "recall": 0.1111111111111111,
    "f1-score": 0.19354838709677416,
    "support": 27.0
  },
  "70": {
    "precision": 0.0,
    "recall": 0.0,
    "f1-score": 0.0,
    "support": 7.0
  },
  "72": {
    "precision": 0.0,
    "recall": 0.0,
    "f1-score": 0.0,
    "support": 1.0
  },
  "73": {
    "precision": 0.0,
    "recall": 0.0,
    "f1-score": 0.0,
    "support": 1.0
  },
  "74": {
    "precision": 0.23214285714285715,
    "recall": 0.16049382716049382,
    "f1-score": 0.1897810218978102,
    "support": 81.0
  },
  "75": {
    "precision": 0.40425531914893614,
    "recall": 0.2835820895522388,
    "f1-score": 0.3333333333333333,
    "support": 67.0
  },
  "78": {
    "precision": 0.08,
    "recall": 1.0,
    "f1-score": 0.14814814814814814,
    "support": 2.0
  },
  "79": {
    "precision": 0.0,
    "recall": 0.0,
    "f1-score": 0.0,
    "support": 0.0
  },
  "81": {
    "precision": 0.25,
    "recall": 1.0,
    "f1-score": 0.4,
    "support": 1.0
  },
  "82": {
    "precision": 0.3055555555555556,
    "recall": 0.44,
    "f1-score": 0.36065573770491804,
    "support": 25.0
  },
  "83": {
    "precision": 0.0,
    "recall": 0.0,
    "f1-score": 0.0,
    "support": 0.0
  },
  "86": {
    "precision": 0.5161290322580645,
    "recall": 0.2909090909090909,
    "f1-score": 0.37209302325581395,
    "support": 55.0
  },
  "88": {
    "precision": 0.0,
    "recall": 0.0,
    "f1-score": 0.0,
    "support": 3.0
  },
  "90": {
    "precision": 0.058823529411764705,
    "recall": 0.041666666666666664,
    "f1-score": 0.048780487804878044,
    "support": 24.0
  },
  "91": {
    "precision": 0.0,
    "recall": 0.0,
    "f1-score": 0.0,
    "support": 1.0
  },
  "92": {
    "precision": 0.0,
    "recall": 0.0,
    "f1-score": 0.0,
    "support": 10.0
  },
  "93": {
    "precision": 0.0,
    "recall": 0.0,
    "f1-score": 0.0,
    "support": 17.0
  },
  "94": {
    "precision": 0.4,
    "recall": 0.2222222222222222,
    "f1-score": 0.2857142857142857,
    "support": 9.0
  },
  "95": {
    "precision": 0.0,
    "recall": 0.0,
    "f1-score": 0.0,
    "support": 0.0
  },
  "96": {
    "precision": 0.4,
    "recall": 0.08,
    "f1-score": 0.13333333333333333,
    "support": 25.0
  },
  "98": {
    "precision": 0.0,
    "recall": 0.0,
    "f1-score": 0.0,
    "support": 0.0
  },
  "100": {
    "precision": 0.0,
    "recall": 0.0,
    "f1-score": 0.0,
    "support": 0.0
  },
  "101": {
    "precision": 0.0,
    "recall": 0.0,
    "f1-score": 0.0,
    "support": 8.0
  },
  "104": {
    "precision": 0.0425531914893617,
    "recall": 0.125,
    "f1-score": 0.06349206349206349,
    "support": 16.0
  },
  "105": {
    "precision": 0.0,
    "recall": 0.0,
    "f1-score": 0.0,
    "support": 10.0
  },