{
  "0": {
    "precision": 0.0,
    "recall": 0.0,
    "f1-score": 0.0,
    "support": 2.0
  },
  "1": {
    "precision": 0.2222222222222222,
    "recall": 0.25,
    "f1-score": 0.23529411764705882,
    "support": 8.0
  },
  "2": {
    "precision": 0.0,
    "recall": 0.0,
    "f1-score": 0.0,
    "support": 9.0
  },
  "3": {
    "precision": 0.631578947368421,
    "recall": 0.48,
    "f1-score": 0.5454545454545454,
    "support": 50.0
  },
  "4": {
    "precision": 0.0,
    "recall": 0.0,
    "f1-score": 0.0,
    "support": 0.0
  },
  "5": {
    "precision": 0.0,
    "recall": 0.0,
    "f1-score": 0.0,
    "support": 0.0
  },
  "6": {
    "precision": 0.0,
    "recall": 0.0,
    "f1-score": 0.0,
    "support": 1.0
  },
  "7": {
    "precision": 0.16494845360824742,
    "recall": 0.20253164556962025,
    "f1-score": 0.1818181818181818,
    "support": 79.0
  },
  "8": {
    "precision": 0.6,
    "recall": 0.25,
    "f1-score": 0.35294117647058826,
    "support": 12.0
  },
  "9": {
    "precision": 0.05555555555555555,
    "recall": 0.16666666666666666,
    "f1-score": 0.08333333333333333,
    "support": 6.0
  },
  "10": {
    "precision": 0.125,
    "recall": 1.0,
    "f1-score": 0.2222222222222222,
    "support": 1.0
  },
  "11": {
    "precision": 0.21428571428571427,
    "recall": 0.1111111111111111,
    "f1-score": 0.14634146341463417,
    "support": 27.0
  },
  "12": {
    "precision": 0.5258620689655172,
    "recall": 0.580952380952381,
    "f1-score": 0.5520361990950227,
    "support": 105.0
  },
  "13": {
    "precision": 0.6666666666666666,
    "recall": 0.25,
    "f1-score": 0.36363636363636365,
    "support": 16.0
  },
  "14": {
    "precision": 0.3333333333333333,
    "recall": 0.5,
    "f1-score": 0.4,
    "support": 8.0
  },
  "15": {
    "precision": 0.0,
    "recall": 0.0,
    "f1-score": 0.0,
    "support": 0.0
  },
  "16": {
    "precision": 0.0,
    "recall": 0.0,
    "f1-score": 0.0,
    "support": 0.0
  },
  "17": {
    "precision": 0.4,
    "recall": 0.2962962962962963,
    "f1-score": 0.3404255319148936,
    "support": 27.0
  },
  "18": {
    "precision": 0.20588235294117646,
    "recall": 0.21875,
    "f1-score": 0.21212121212121213,
    "support": 32.0
  },
  "19": {
    "precision": 0.0,
    "recall": 0.0,
    "f1-score": 0.0,
    "support": 0.0
  },
  "20": {
    "precision": 0.29411764705882354,
    "recall": 0.35714285714285715,
    "f1-score": 0.3225806451612903,
    "support": 14.0
  },
  "21": {
    "precision": 0.44,
    "recall": 0.6111111111111112,
    "f1-score": 0.5116279069767442,
    "support": 18.0
  },
  "22": {
    "precision": 0.0,
    "recall": 0.0,
    "f1-score": 0.0,
    "support": 0.0
  },
  "23": {
    "precision": 0.35714285714285715,
    "recall": 0.17857142857142858,
    "f1-score": 0.2380952380952381,
    "support": 28.0
  },
  "24": {
    "precision": 0.125,
    "recall": 1.0,
    "f1-score": 0.2222222222222222,
    "support": 2.0
  },
  "25": {
    "precision": 0.0,
    "recall": 0.0,
    "f1-score": 0.0,
    "support": 16.0
  },
  "26": {
    "precision": 0.3877551020408163,
    "recall": 0.3275862068965517,
    "f1-score": 0.35514018691588783,
    "support": 58.0
  },
  "27": {
    "precision": 0.34210526315789475,
    "recall": 0.52,
    "f1-score": 0.41269841269841273,
    "support": 25.0
  },
  "29": {
    "precision": 0.0,
    "recall": 0.0,
    "f1-score": 0.0,
    "support": 13.0
  },
  "30": {
    "precision": 0.14285714285714285,
    "recall": 1.0,
    "f1-score": 0.25,
    "support": 2.0
  },
  "31": {
    "precision": 0.07142857142857142,
    "recall": 0.07692307692307693,
    "f1-score": 0.07407407407407408,
    "support": 13.0
  },
  "32": {
    "precision": 0.0,
    "recall": 0.0,
    "f1-score": 0.0,
    "support": 13.0
  },
  "33": {
    "precision": 0.0,
    "recall": 0.0,
    "f1-score": 0.0,
    "support": 0.0
  },
  "34": {
    "precision": 0.48,
    "recall": 0.12244897959183673,
    "f1-score": 0.19512195121951217,
    "support": 98.0
  },
  "35": {
    "precision": 0.0,
    "recall": 0.0,
    "f1-score": 0.0,
    "support": 4.0
  },
  "38": {
    "precision": 0.02702702702702703,
    "recall": 0.0625,
    "f1-score": 0.03773584905660377,
    "support": 16.0
  },
  "39": {
    "precision": 0.0,
    "recall": 0.0,
    "f1-score": 0.0,
    "support": 18.0
  },
  "40": {
    "precision": 0.0,
    "recall": 0.0,
    "f1-score": 0.0,
    "support": 5.0
  },
  "accuracy": 0.28236914600550966,
  "macro avg": {
    "precision": 0.17928339278052596,
    "recall": 0.22533136212718255,
    "f1-score": 0.1646031798302116,
    "support": 726.0
  },
  "weighted avg": {
    "precision": 0.3413024506501166,
    "recall": 0.28236914600550966,
    "f1-score": 0.28695540591908797,
    "support": 726.0
  },
  "top3_acc": 0.5385674931129476,
  "top5_acc": 0.6818181818181818,
  "top10_acc": 0.8223140495867769,
  "run_name": "cnn_deberta-large_u3_42_classes_most_seed42",
  "model_location": "/work/disa_lab/projects/triagerx/models/openj9/cnn_deberta-large_u3_42_classes_most_seed42.pt"
}