{"0": {"precision": 0.8068181818181818, "recall": 0.7888888888888889, "f1-score": 0.797752808988764, "support": 90.0}, "1": {"precision": 0.5476190476190477, "recall": 0.4423076923076923, "f1-score": 0.4893617021276596, "support": 52.0}, "2": {"precision": 0.3333333333333333, "recall": 0.1111111111111111, "f1-score": 0.16666666666666666, "support": 9.0}, "3": {"precision": 0.4, "recall": 0.5, "f1-score": 0.4444444444444445, "support": 4.0}, "4": {"precision": 0.7027027027027027, "recall": 0.6554621848739496, "f1-score": 0.6782608695652174, "support": 119.0}, "5": {"precision": 0.7913279132791328, "recall": 0.8488372093023255, "f1-score": 0.8190743338008415, "support": 344.0}, "accuracy": 0.7556634304207119, "macro avg": {"precision": 0.5969668631253997, "recall": 0.5577678477473279, "f1-score": 0.565926804265599, "support": 618.0}, "weighted avg": {"precision": 0.7468094670379776, "recall": 0.7556634304207119, "f1-score": 0.7491860087429696, "support": 618.0}, "test_accuracy": 0.7556634304207119, "run_name": "comp_raw_data_LBTPDeberta_u5_6_classes_seed42", "model_location": "/work/disa_lab/projects/triagerx/models/comp_raw_data_LBTPDeberta_u5_6_classes.pt"}