{"0": {"precision": 0.7619047619047619, "recall": 0.810126582278481, "f1-score": 0.7852760736196319, "support": 79.0}, "1": {"precision": 0.5, "recall": 0.5555555555555556, "f1-score": 0.5263157894736842, "support": 45.0}, "2": {"precision": 0.5, "recall": 0.2857142857142857, "f1-score": 0.36363636363636365, "support": 7.0}, "3": {"precision": 0.6, "recall": 0.42857142857142855, "f1-score": 0.5, "support": 7.0}, "4": {"precision": 0.7216494845360825, "recall": 0.6140350877192983, "f1-score": 0.6635071090047394, "support": 114.0}, "5": {"precision": 0.843915343915344, "recall": 0.8715846994535519, "f1-score": 0.8575268817204301, "support": 366.0}, "accuracy": 0.7815533980582524, "macro avg": {"precision": 0.6545782650593647, "recall": 0.5942646065487668, "f1-score": 0.6160437029091416, "support": 618.0}, "weighted avg": {"precision": 0.7791772383504943, "recall": 0.7815533980582524, "f1-score": 0.7787396828866326, "support": 618.0}, "test_accuracy": 0.7815533980582524, "run_name": "comp_raw_data_LBTPDeberta_u5_6_classes", "model_location": "/work/disa_lab/projects/triagerx/models/comp_raw_data_LBTPDeberta_u5_6_classes.pt"}