{
  "0": {
    "precision": 0.0,
    "recall": 0.0,
    "f1-score": 0.0,
    "support": 1.0
  },
  "1": {
    "precision": 0.0,
    "recall": 0.0,
    "f1-score": 0.0,
    "support": 1.0
  },
  "2": {
    "precision": 0.3448275862068966,
    "recall": 0.5405405405405406,
    "f1-score": 0.4210526315789474,
    "support": 37.0
  },
  "3": {
    "precision": 0.7272727272727273,
    "recall": 0.8888888888888888,
    "f1-score": 0.7999999999999999,
    "support": 9.0
  },
  "4": {
    "precision": 1.0,
    "recall": 0.3333333333333333,
    "f1-score": 0.5,
    "support": 3.0
  },
  "5": {
    "precision": 0.0,
    "recall": 0.0,
    "f1-score": 0.0,
    "support": 12.0
  },
  "6": {
    "precision": 0.14285714285714285,
    "recall": 0.3333333333333333,
    "f1-score": 0.2,
    "support": 3.0
  },
  "7": {
    "precision": 0.15384615384615385,
    "recall": 0.5,
    "f1-score": 0.23529411764705882,
    "support": 4.0
  },
  "8": {
    "precision": 0.38461538461538464,
    "recall": 0.25,
    "f1-score": 0.30303030303030304,
    "support": 40.0
  },
  "9": {
    "precision": 0.56,
    "recall": 0.4666666666666667,
    "f1-score": 0.509090909090909,
    "support": 30.0
  },
  "10": {
    "precision": 0.0,
    "recall": 0.0,
    "f1-score": 0.0,
    "support": 4.0
  },
  "11": {
    "precision": 0.0,
    "recall": 0.0,
    "f1-score": 0.0,
    "support": 13.0
  },
  "12": {
    "precision": 0.0,
    "recall": 0.0,
    "f1-score": 0.0,
    "support": 1.0
  },
  "13": {
    "precision": 0.38461538461538464,
    "recall": 0.4,
    "f1-score": 0.39215686274509803,
    "support": 25.0
  },
  "14": {
    "precision": 0.0,
    "recall": 0.0,
    "f1-score": 0.0,
    "support": 4.0
  },
  "15": {
    "precision": 0.0,
    "recall": 0.0,
    "f1-score": 0.0,
    "support": 2.0
  },
  "16": {
    "precision": 0.0,
    "recall": 0.0,
    "f1-score": 0.0,
    "support": 11.0
  },
  "accuracy": 0.33,
  "macro avg": {
    "precision": 0.21753143408315823,
    "recall": 0.21839780957428018,
    "f1-score": 0.19768381318190092,
    "support": 200.0
  },
  "weighted avg": {
    "precision": 0.32574015639532883,
    "recall": 0.33,
    "f1-score": 0.3150899240078806,
    "support": 200.0
  },
  "top3_acc": 0.58,
  "top5_acc": 0.805,
  "top10_acc": 0.955,
  "run_name": "triagerx_ensemble_u3_last_devs_17devs_seed42",
  "model_location": "/work/disa_lab/projects/triagerx/models/openj9/triagerx_ensemble_u3_last_devs_17devs_seed42.pt"
}