{
  "0": {
    "precision": 0.2857142857142857,
    "recall": 1.0,
    "f1-score": 0.4444444444444445,
    "support": 2.0
  },
  "1": {
    "precision": 0.5454545454545454,
    "recall": 0.5454545454545454,
    "f1-score": 0.5454545454545454,
    "support": 11.0
  },
  "2": {
    "precision": 0.6,
    "recall": 0.2727272727272727,
    "f1-score": 0.37499999999999994,
    "support": 11.0
  },
  "3": {
    "precision": 0.0,
    "recall": 0.0,
    "f1-score": 0.0,
    "support": 4.0
  },
  "4": {
    "precision": 0.0,
    "recall": 0.0,
    "f1-score": 0.0,
    "support": 2.0
  },
  "5": {
    "precision": 0.0,
    "recall": 0.0,
    "f1-score": 0.0,
    "support": 0.0
  },
  "6": {
    "precision": 0.0,
    "recall": 0.0,
    "f1-score": 0.0,
    "support": 1.0
  },
  "7": {
    "precision": 0.2857142857142857,
    "recall": 0.6666666666666666,
    "f1-score": 0.4,
    "support": 3.0
  },
  "8": {
    "precision": 0.0,
    "recall": 0.0,
    "f1-score": 0.0,
    "support": 0.0
  },
  "9": {
    "precision": 0.2,
    "recall": 0.3333333333333333,
    "f1-score": 0.25,
    "support": 3.0
  },
  "10": {
    "precision": 0.3333333333333333,
    "recall": 0.6666666666666666,
    "f1-score": 0.4444444444444444,
    "support": 3.0
  },
  "11": {
    "precision": 0.6666666666666666,
    "recall": 1.0,
    "f1-score": 0.8,
    "support": 2.0
  },
  "12": {
    "precision": 0.0,
    "recall": 0.0,
    "f1-score": 0.0,
    "support": 1.0
  },
  "13": {
    "precision": 0.0,
    "recall": 0.0,
    "f1-score": 0.0,
    "support": 1.0
  },
  "14": {
    "precision": 0.0,
    "recall": 0.0,
    "f1-score": 0.0,
    "support": 0.0
  },
  "15": {
    "precision": 0.0,
    "recall": 0.0,
    "f1-score": 0.0,
    "support": 1.0
  },
  "16": {
    "precision": 0.0,
    "recall": 0.0,
    "f1-score": 0.0,
    "support": 3.0
  },
  "17": {
    "precision": 0.375,
    "recall": 0.5454545454545454,
    "f1-score": 0.4444444444444444,
    "support": 11.0
  },
  "18": {
    "precision": 0.0,
    "recall": 0.0,
    "f1-score": 0.0,
    "support": 1.0
  },
  "19": {
    "precision": 0.5,
    "recall": 0.25,
    "f1-score": 0.3333333333333333,
    "support": 4.0
  },
  "20": {
    "precision": 0.0,
    "recall": 0.0,
    "f1-score": 0.0,
    "support": 10.0
  },
  "21": {
    "precision": 0.0,
    "recall": 0.0,
    "f1-score": 0.0,
    "support": 1.0
  },
  "22": {
    "precision": 0.2857142857142857,
    "recall": 0.125,
    "f1-score": 0.17391304347826086,
    "support": 16.0
  },
  "23": {
    "precision": 0.0,
    "recall": 0.0,
    "f1-score": 0.0,
    "support": 5.0
  },
  "24": {
    "precision": 0.0,
    "recall": 0.0,
    "f1-score": 0.0,
    "support": 0.0
  },
  "25": {
    "precision": 1.0,
    "recall": 1.0,
    "f1-score": 1.0,
    "support": 2.0
  },
  "26": {
    "precision": 0.0,
    "recall": 0.0,
    "f1-score": 0.0,
    "support": 4.0
  },
  "27": {
    "precision": 0.0,
    "recall": 0.0,
    "f1-score": 0.0,
    "support": 2.0
  },
  "28": {
    "precision": 0.0,
    "recall": 0.0,
    "f1-score": 0.0,
    "support": 0.0
  },
  "29": {
    "precision": 0.0,
    "recall": 0.0,
    "f1-score": 0.0,
    "support": 0.0
  },
  "30": {
    "precision": 0.0,
    "recall": 0.0,
    "f1-score": 0.0,
    "support": 1.0
  },
  "31": {
    "precision": 0.0,
    "recall": 0.0,
    "f1-score": 0.0,
    "support": 2.0
  },
  "32": {
    "precision": 0.3333333333333333,
    "recall": 1.0,
    "f1-score": 0.5,
    "support": 1.0
  },
  "33": {
    "precision": 0.0,
    "recall": 0.0,
    "f1-score": 0.0,
    "support": 3.0
  },
  "34": {
    "precision": 0.8571428571428571,
    "recall": 0.75,
    "f1-score": 0.7999999999999999,
    "support": 8.0
  },
  "accuracy": 0.3025210084033613,
  "macro avg": {
    "precision": 0.17908781694495976,
    "recall": 0.23300865800865803,
    "f1-score": 0.18602955015998493,
    "support": 119.0
  },
  "weighted avg": {
    "precision": 0.3096538615446178,
    "recall": 0.3025210084033613,
    "f1-score": 0.284050866723501,
    "support": 119.0
  },
  "top3_acc": 0.4789915966386555,
  "top5_acc": 0.5714285714285714,
  "top10_acc": 0.773109243697479,
  "top20_acc": 0.9243697478991597,
  "run_name": "triagerx_ensemble_u3_last_dev_seed42",
  "model_location": "/work/disa_lab/projects/triagerx/models/pytorch/triagerx_ensemble_u3_last_dev_seed42.pt"
}