{"0": {"precision": 0.5675675675675675, "recall": 0.6363636363636364, "f1-score": 0.6000000000000001, "support": 33.0}, "1": {"precision": 0.24, "recall": 0.16666666666666666, "f1-score": 0.19672131147540983, "support": 72.0}, "2": {"precision": 0.5, "recall": 0.2857142857142857, "f1-score": 0.36363636363636365, "support": 7.0}, "3": {"precision": 0.125, "recall": 0.2, "f1-score": 0.15384615384615385, "support": 5.0}, "4": {"precision": 0.0, "recall": 0.0, "f1-score": 0.0, "support": 1.0}, "5": {"precision": 0.4563106796116505, "recall": 0.5465116279069767, "f1-score": 0.4973544973544974, "support": 86.0}, "6": {"precision": 0.75, "recall": 0.6, "f1-score": 0.6666666666666665, "support": 5.0}, "7": {"precision": 0.3333333333333333, "recall": 0.3, "f1-score": 0.3157894736842105, "support": 20.0}, "8": {"precision": 0.2727272727272727, "recall": 0.3, "f1-score": 0.28571428571428564, "support": 10.0}, "9": {"precision": 0.15384615384615385, "recall": 0.3333333333333333, "f1-score": 0.21052631578947367, "support": 6.0}, "10": {"precision": 0.4827586206896552, "recall": 0.2916666666666667, "f1-score": 0.3636363636363637, "support": 48.0}, "11": {"precision": 0.0, "recall": 0.0, "f1-score": 0.0, "support": 9.0}, "12": {"precision": 0.323943661971831, "recall": 0.3898305084745763, "f1-score": 0.3538461538461538, "support": 59.0}, "13": {"precision": 0.0, "recall": 0.0, "f1-score": 0.0, "support": 9.0}, "14": {"precision": 0.0, "recall": 0.0, "f1-score": 0.0, "support": 8.0}, "accuracy": 0.3544973544973545, "macro avg": {"precision": 0.2803658193164976, "recall": 0.2700057816750761, "f1-score": 0.2671825057099719, "support": 378.0}, "weighted avg": {"precision": 0.3590728950867446, "recall": 0.3544973544973545, "f1-score": 0.3496084619147285, "support": 378.0}, "top3_accuracy": 0.6666666666666666, "run_name": "dev_raw_data_LBTPDeberta_u4_16_classes_seed66", "model_location": "/work/disa_lab/projects/triagerx/models/dev_raw_data_LBTPDeberta_u4_16_classes_seed66.pt"}