{
  "0": {
    "precision": 0.0,
    "recall": 0.0,
    "f1-score": 0.0,
    "support": 0.0
  },
  "1": {
    "precision": 0.0,
    "recall": 0.0,
    "f1-score": 0.0,
    "support": 1.0
  },
  "2": {
    "precision": 0.0,
    "recall": 0.0,
    "f1-score": 0.0,
    "support": 18.0
  },
  "3": {
    "precision": 0.0,
    "recall": 0.0,
    "f1-score": 0.0,
    "support": 0.0
  },
  "4": {
    "precision": 0.0,
    "recall": 0.0,
    "f1-score": 0.0,
    "support": 2.0
  },
  "5": {
    "precision": 0.16666666666666666,
    "recall": 0.3333333333333333,
    "f1-score": 0.2222222222222222,
    "support": 6.0
  },
  "6": {
    "precision": 0.0,
    "recall": 0.0,
    "f1-score": 0.0,
    "support": 0.0
  },
  "7": {
    "precision": 0.0,
    "recall": 0.0,
    "f1-score": 0.0,
    "support": 1.0
  },
  "8": {
    "precision": 0.4722222222222222,
    "recall": 0.288135593220339,
    "f1-score": 0.35789473684210527,
    "support": 59.0
  },
  "9": {
    "precision": 0.15789473684210525,
    "recall": 0.3333333333333333,
    "f1-score": 0.21428571428571427,
    "support": 9.0
  },
  "10": {
    "precision": 0.2608695652173913,
    "recall": 0.5,
    "f1-score": 0.3428571428571428,
    "support": 12.0
  },
  "11": {
    "precision": 0.6666666666666666,
    "recall": 0.18181818181818182,
    "f1-score": 0.28571428571428575,
    "support": 11.0
  },
  "12": {
    "precision": 0.0,
    "recall": 0.0,
    "f1-score": 0.0,
    "support": 0.0
  },
  "13": {
    "precision": 0.0,
    "recall": 0.0,
    "f1-score": 0.0,
    "support": 0.0
  },
  "14": {
    "precision": 0.3333333333333333,
    "recall": 0.25,
    "f1-score": 0.28571428571428575,
    "support": 4.0
  },
  "15": {
    "precision": 0.0,
    "recall": 0.0,
    "f1-score": 0.0,
    "support": 0.0
  },
  "16": {
    "precision": 0.0,
    "recall": 0.0,
    "f1-score": 0.0,
    "support": 0.0
  },
  "17": {
    "precision": 0.375,
    "recall": 0.25,
    "f1-score": 0.3,
    "support": 12.0
  },
  "18": {
    "precision": 0.0,
    "recall": 0.0,
    "f1-score": 0.0,
    "support": 0.0
  },
  "19": {
    "precision": 0.13157894736842105,
    "recall": 0.29411764705882354,
    "f1-score": 0.1818181818181818,
    "support": 17.0
  },
  "20": {
    "precision": 0.0,
    "recall": 0.0,
    "f1-score": 0.0,
    "support": 0.0
  },
  "21": {
    "precision": 0.0,
    "recall": 0.0,
    "f1-score": 0.0,
    "support": 5.0
  },
  "22": {
    "precision": 0.5,
    "recall": 1.0,
    "f1-score": 0.6666666666666666,
    "support": 2.0
  },
  "23": {
    "precision": 0.09090909090909091,
    "recall": 0.25,
    "f1-score": 0.13333333333333333,
    "support": 4.0
  },
  "25": {
    "precision": 0.10526315789473684,
    "recall": 0.1111111111111111,
    "f1-score": 0.10810810810810811,
    "support": 18.0
  },
  "26": {
    "precision": 0.0,
    "recall": 0.0,
    "f1-score": 0.0,
    "support": 0.0
  },
  "27": {
    "precision": 0.15789473684210525,
    "recall": 0.057692307692307696,
    "f1-score": 0.08450704225352111,
    "support": 52.0
  },
  "28": {
    "precision": 0.0,
    "recall": 0.0,
    "f1-score": 0.0,
    "support": 0.0
  },
  "29": {
    "precision": 0.0,
    "recall": 0.0,
    "f1-score": 0.0,
    "support": 8.0
  },
  "30": {
    "precision": 0.5217391304347826,
    "recall": 0.3076923076923077,
    "f1-score": 0.3870967741935484,
    "support": 39.0
  },
  "31": {
    "precision": 0.8333333333333334,
    "recall": 0.4166666666666667,
    "f1-score": 0.5555555555555556,
    "support": 12.0
  },
  "32": {
    "precision": 0.0,
    "recall": 0.0,
    "f1-score": 0.0,
    "support": 5.0
  },
  "33": {
    "precision": 0.0,
    "recall": 0.0,
    "f1-score": 0.0,
    "support": 0.0
  },
  "34": {
    "precision": 0.0,
    "recall": 0.0,
    "f1-score": 0.0,
    "support": 14.0
  },
  "35": {
    "precision": 0.0,
    "recall": 0.0,
    "f1-score": 0.0,
    "support": 2.0
  },
  "36": {
    "precision": 0.0,
    "recall": 0.0,
    "f1-score": 0.0,
    "support": 0.0
  },
  "37": {
    "precision": 0.0,
    "recall": 0.0,
    "f1-score": 0.0,
    "support": 0.0
  },
  "38": {
    "precision": 1.0,
    "recall": 0.2,
    "f1-score": 0.33333333333333337,
    "support": 5.0
  },
  "39": {
    "precision": 0.0,
    "recall": 0.0,
    "f1-score": 0.0,
    "support": 9.0
  },
  "40": {
    "precision": 0.0,
    "recall": 0.0,
    "f1-score": 0.0,
    "support": 0.0
  },
  "41": {
    "precision": 0.0,
    "recall": 0.0,
    "f1-score": 0.0,
    "support": 28.0
  },
  "42": {
    "precision": 0.0,
    "recall": 0.0,
    "f1-score": 0.0,
    "support": 4.0
  },
  "43": {
    "precision": 0.0,
    "recall": 0.0,
    "f1-score": 0.0,
    "support": 0.0
  },
  "44": {
    "precision": 0.0,
    "recall": 0.0,
    "f1-score": 0.0,
    "support": 2.0
  },
  "45": {
    "precision": 0.14285714285714285,
    "recall": 0.16666666666666666,
    "f1-score": 0.15384615384615383,
    "support": 6.0
  },
  "46": {
    "precision": 0.0,
    "recall": 0.0,
    "f1-score": 0.0,
    "support": 2.0
  },
  "47": {
    "precision": 0.14285714285714285,
    "recall": 0.08333333333333333,
    "f1-score": 0.10526315789473685,
    "support": 12.0
  },
  "49": {
    "precision": 0.09090909090909091,
    "recall": 1.0,
    "f1-score": 0.16666666666666669,
    "support": 1.0
  },
  "accuracy": 0.17801047120418848,
  "macro avg": {
    "precision": 0.12812489509071315,
    "recall": 0.12549792670680007,
    "f1-score": 0.10176840336053254,
    "support": 382.0
  },
  "weighted avg": {
    "precision": 0.25731720043993156,
    "recall": 0.17801047120418848,
    "f1-score": 0.1922999768263244,
    "support": 382.0
  },
  "top3_acc": 0.418848167539267,
  "top5_acc": 0.5471204188481675,
  "top10_acc": 0.6989528795811518,
  "top20_acc": 0.8979057591623036,
  "run_name": "auto_openj9_fcn_deberta-large-full_50classes_seed42",
  "model_location": "/work/disa_lab/projects/triagerx/models/openj9/auto_openj9_fcn_deberta-large-full_50classes_seed42.pt"
}