{
    "0": {
        "precision": 0.5945945945945946,
        "recall": 0.6666666666666666,
        "f1-score": 0.6285714285714286,
        "support": 33
    },
    "1": {
        "precision": 0.21875,
        "recall": 0.09722222222222222,
        "f1-score": 0.13461538461538464,
        "support": 72
    },
    "2": {
        "precision": 0.3333333333333333,
        "recall": 0.2857142857142857,
        "f1-score": 0.30769230769230765,
        "support": 7
    },
    "3": {
        "precision": 0.02857142857142857,
        "recall": 0.2,
        "f1-score": 0.049999999999999996,
        "support": 5
    },
    "4": {
        "precision": 0,
        "recall": 0,
        "f1-score": 0,
        "support": 1
    },
    "5": {
        "precision": 0.6086956521739131,
        "recall": 0.32558139534883723,
        "f1-score": 0.42424242424242425,
        "support": 86
    },
    "6": {
        "precision": 0.5,
        "recall": 0.2,
        "f1-score": 0.28571428571428575,
        "support": 5
    },
    "7": {
        "precision": 0.15384615384615385,
        "recall": 0.3,
        "f1-score": 0.2033898305084746,
        "support": 20
    },
    "8": {
        "precision": 0.3125,
        "recall": 0.5,
        "f1-score": 0.38461538461538464,
        "support": 10
    },
    "9": {
        "precision": 0.11764705882352941,
        "recall": 0.3333333333333333,
        "f1-score": 0.1739130434782609,
        "support": 6
    },
    "10": {
        "precision": 0.4,
        "recall": 0.2916666666666667,
        "f1-score": 0.3373493975903615,
        "support": 48
    },
    "11": {
        "precision": 0,
        "recall": 0,
        "f1-score": 0,
        "support": 9
    },
    "12": {
        "precision": 0.25,
        "recall": 0.4067796610169492,
        "f1-score": 0.3096774193548387,
        "support": 59
    },
    "13": {
        "precision": 0,
        "recall": 0,
        "f1-score": 0,
        "support": 9
    },
    "14": {
        "precision": 0,
        "recall": 0,
        "f1-score": 0,
        "support": 8
    },
    "accuracy": 0.2962962962962963,
    "macro avg": {
        "precision": 0.23452921475619687,
        "recall": 0.24046428206459738,
        "f1-score": 0.21598539375887676,
        "support": 378
    },
    "weighted avg": {
        "precision": 0.35331598839849965,
        "recall": 0.2962962962962963,
        "f1-score": 0.3020465567351763,
        "support": 378
    },
    "top3_accuracy": 0.6375661375661376,
    "run_name": "dev_summary_description_LBTPDeberta_u4_16_classes_seed66",
    "model_location": "/work/disa_lab/projects/triagerx/models/dev_summary_description_LBTPDeberta_u4_16_classes_seed66.pt"
}