{
  "0": {
    "precision": 0.2,
    "recall": 0.08,
    "f1-score": 0.11428571428571428,
    "support": 25.0
  },
  "1": {
    "precision": 0.0,
    "recall": 0.0,
    "f1-score": 0.0,
    "support": 8.0
  },
  "2": {
    "precision": 0.0,
    "recall": 0.0,
    "f1-score": 0.0,
    "support": 0.0
  },
  "3": {
    "precision": 0.0,
    "recall": 0.0,
    "f1-score": 0.0,
    "support": 0.0
  },
  "4": {
    "precision": 0.42857142857142855,
    "recall": 0.08571428571428572,
    "f1-score": 0.14285714285714285,
    "support": 35.0
  },
  "5": {
    "precision": 0.6,
    "recall": 1.0,
    "f1-score": 0.7499999999999999,
    "support": 6.0
  },
  "6": {
    "precision": 0.0,
    "recall": 0.0,
    "f1-score": 0.0,
    "support": 0.0
  },
  "7": {
    "precision": 0.0,
    "recall": 0.0,
    "f1-score": 0.0,
    "support": 19.0
  },
  "8": {
    "precision": 0.0,
    "recall": 0.0,
    "f1-score": 0.0,
    "support": 0.0
  },
  "9": {
    "precision": 0.0,
    "recall": 0.0,
    "f1-score": 0.0,
    "support": 0.0
  },
  "10": {
    "precision": 0.0,
    "recall": 0.0,
    "f1-score": 0.0,
    "support": 0.0
  },
  "11": {
    "precision": 0.0,
    "recall": 0.0,
    "f1-score": 0.0,
    "support": 0.0
  },
  "12": {
    "precision": 0.5,
    "recall": 0.045454545454545456,
    "f1-score": 0.08333333333333334,
    "support": 22.0
  },
  "13": {
    "precision": 0.2,
    "recall": 0.08333333333333333,
    "f1-score": 0.11764705882352941,
    "support": 12.0
  },
  "15": {
    "precision": 0.0,
    "recall": 0.0,
    "f1-score": 0.0,
    "support": 0.0
  },
  "16": {
    "precision": 0.0,
    "recall": 0.0,
    "f1-score": 0.0,
    "support": 0.0
  },
  "18": {
    "precision": 0.0,
    "recall": 0.0,
    "f1-score": 0.0,
    "support": 1.0
  },
  "19": {
    "precision": 0.16129032258064516,
    "recall": 0.045454545454545456,
    "f1-score": 0.07092198581560284,
    "support": 110.0
  },
  "20": {
    "precision": 0.0,
    "recall": 0.0,
    "f1-score": 0.0,
    "support": 1.0
  },
  "21": {
    "precision": 0.0,
    "recall": 0.0,
    "f1-score": 0.0,
    "support": 0.0
  },
  "22": {
    "precision": 0.0,
    "recall": 0.0,
    "f1-score": 0.0,
    "support": 0.0
  },
  "24": {
    "precision": 0.0,
    "recall": 0.0,
    "f1-score": 0.0,
    "support": 0.0
  },
  "26": {
    "precision": 0.0,
    "recall": 0.0,
    "f1-score": 0.0,
    "support": 0.0
  },
  "27": {
    "precision": 0.0,
    "recall": 0.0,
    "f1-score": 0.0,
    "support": 0.0
  },
  "28": {
    "precision": 0.8333333333333334,
    "recall": 0.45454545454545453,
    "f1-score": 0.5882352941176471,
    "support": 11.0
  },
  "29": {
    "precision": 0.0,
    "recall": 0.0,
    "f1-score": 0.0,
    "support": 0.0
  },
  "30": {
    "precision": 0.0,
    "recall": 0.0,
    "f1-score": 0.0,
    "support": 1.0
  },
  "31": {
    "precision": 0.0,
    "recall": 0.0,
    "f1-score": 0.0,
    "support": 2.0
  },
  "32": {
    "precision": 0.0,
    "recall": 0.0,
    "f1-score": 0.0,
    "support": 0.0
  },
  "34": {
    "precision": 0.0,
    "recall": 0.0,
    "f1-score": 0.0,
    "support": 37.0
  },
  "35": {
    "precision": 0.0,
    "recall": 0.0,
    "f1-score": 0.0,
    "support": 0.0
  },
  "36": {
    "precision": 0.0,
    "recall": 0.0,
    "f1-score": 0.0,
    "support": 5.0
  },
  "37": {
    "precision": 0.1111111111111111,
    "recall": 0.25,
    "f1-score": 0.15384615384615383,
    "support": 4.0
  },
  "38": {
    "precision": 0.28,
    "recall": 0.1111111111111111,
    "f1-score": 0.1590909090909091,
    "support": 63.0
  },
  "39": {
    "precision": 0.0,
    "recall": 0.0,
    "f1-score": 0.0,
    "support": 2.0
  },
  "40": {
    "precision": 0.0,
    "recall": 0.0,
    "f1-score": 0.0,
    "support": 0.0
  },
  "41": {
    "precision": 0.0,
    "recall": 0.0,
    "f1-score": 0.0,
    "support": 0.0
  },
  "42": {
    "precision": 0.10526315789473684,
    "recall": 0.2857142857142857,
    "f1-score": 0.15384615384615385,
    "support": 7.0
  },
  "44": {
    "precision": 0.21428571428571427,
    "recall": 0.42857142857142855,
    "f1-score": 0.2857142857142857,
    "support": 7.0
  },
  "45": {
    "precision": 0.0,
    "recall": 0.0,
    "f1-score": 0.0,
    "support": 4.0
  },
  "47": {
    "precision": 0.0,
    "recall": 0.0,
    "f1-score": 0.0,
    "support": 0.0
  },
  "48": {
    "precision": 0.38636363636363635,
    "recall": 0.53125,
    "f1-score": 0.4473684210526316,
    "support": 32.0
  },
  "49": {
    "precision": 0.0,
    "recall": 0.0,
    "f1-score": 0.0,
    "support": 17.0
  },
  "50": {
    "precision": 0.25,
    "recall": 0.3333333333333333,
    "f1-score": 0.28571428571428575,
    "support": 21.0
  },
  "51": {
    "precision": 0.07142857142857142,
    "recall": 0.2727272727272727,
    "f1-score": 0.11320754716981131,
    "support": 11.0
  },
  "52": {
    "precision": 0.0,
    "recall": 0.0,
    "f1-score": 0.0,
    "support": 1.0
  },
  "54": {
    "precision": 0.0,
    "recall": 0.0,
    "f1-score": 0.0,
    "support": 0.0
  },
  "55": {
    "precision": 0.46808510638297873,
    "recall": 0.5238095238095238,
    "f1-score": 0.49438202247191015,
    "support": 42.0
  },
  "56": {
    "precision": 0.2857142857142857,
    "recall": 0.16216216216216217,
    "f1-score": 0.20689655172413793,
    "support": 37.0
  },
  "57": {
    "precision": 0.0,
    "recall": 0.0,
    "f1-score": 0.0,
    "support": 0.0
  },
  "58": {
    "precision": 0.0,
    "recall": 0.0,
    "f1-score": 0.0,
    "support": 0.0
  },
  "59": {
    "precision": 0.0,
    "recall": 0.0,
    "f1-score": 0.0,
    "support": 0.0
  },
  "61": {
    "precision": 0.38461538461538464,
    "recall": 0.11811023622047244,
    "f1-score": 0.1807228915662651,
    "support": 127.0
  },
  "62": {
    "precision": 0.0,
    "recall": 0.0,
    "f1-score": 0.0,
    "support": 0.0
  },
  "63": {
    "precision": 0.19047619047619047,
    "recall": 0.17777777777777778,
    "f1-score": 0.1839080459770115,
    "support": 45.0
  },
  "64": {
    "precision": 0.0,
    "recall": 0.0,
    "f1-score": 0.0,
    "support": 1.0
  },
  "68": {
    "precision": 0.0,
    "recall": 0.0,
    "f1-score": 0.0,
    "support": 0.0
  },
  "69": {
    "precision": 0.0,
    "recall": 0.0,
    "f1-score": 0.0,
    "support": 0.0
  },
  "70": {
    "precision": 0.125,
    "recall": 0.09090909090909091,
    "f1-score": 0.10526315789473685,
    "support": 11.0
  },
  "71": {
    "precision": 0.0,
    "recall": 0.0,
    "f1-score": 0.0,
    "support": 46.0
  },
  "72": {
    "precision": 0.2,
    "recall": 0.029411764705882353,
    "f1-score": 0.05128205128205128,
    "support": 68.0
  },
  "73": {
    "precision": 0.18181818181818182,
    "recall": 0.4,
    "f1-score": 0.25000000000000006,
    "support": 5.0
  },
  "74": {
    "precision": 0.25,
    "recall": 0.23076923076923078,
    "f1-score": 0.24000000000000002,
    "support": 13.0
  },
  "75": {
    "precision": 0.0,
    "recall": 0.0,
    "f1-score": 0.0,
    "support": 0.0
  },
  "76": {
    "precision": 0.0,
    "recall": 0.0,
    "f1-score": 0.0,
    "support": 0.0
  },
  "77": {
    "precision": 0.36363636363636365,
    "recall": 0.2962962962962963,
    "f1-score": 0.32653061224489793,
    "support": 27.0
  },
  "78": {
    "precision": 0.13333333333333333,
    "recall": 0.2857142857142857,
    "f1-score": 0.18181818181818182,
    "support": 7.0
  },
  "79": {
    "precision": 0.0,
    "recall": 0.0,
    "f1-score": 0.0,
    "support": 0.0
  },
  "80": {
    "precision": 0.0,
    "recall": 0.0,
    "f1-score": 0.0,
    "support": 1.0
  },
  "81": {
    "precision": 0.0,
    "recall": 0.0,
    "f1-score": 0.0,
    "support": 1.0
  },
  "82": {
    "precision": 0.23404255319148937,
    "recall": 0.13580246913580246,
    "f1-score": 0.171875,
    "support": 81.0
  },
  "83": {
    "precision": 0.391304347826087,
    "recall": 0.5373134328358209,
    "f1-score": 0.45283018867924535,
    "support": 67.0
  },
  "84": {
    "precision": 0.375,