{
  "0": {
    "precision": 0.5656565656565656,
    "recall": 0.7777777777777778,
    "f1-score": 0.6549707602339181,
    "support": 72.0
  },
  "1": {
    "precision": 0.6071428571428571,
    "recall": 0.7555555555555555,
    "f1-score": 0.6732673267326731,
    "support": 45.0
  },
  "2": {
    "precision": 0.5,
    "recall": 0.25,
    "f1-score": 0.3333333333333333,
    "support": 12.0
  },
  "3": {
    "precision": 0.4444444444444444,
    "recall": 1.0,
    "f1-score": 0.6153846153846153,
    "support": 4.0
  },
  "4": {
    "precision": 0.6209677419354839,
    "recall": 0.719626168224299,
    "f1-score": 0.6666666666666667,
    "support": 107.0
  },
  "5": {
    "precision": 0.9074074074074074,
    "recall": 0.7777777777777778,
    "f1-score": 0.8376068376068377,
    "support": 378.0
  },
  "accuracy": 0.7572815533980582,
  "macro avg": {
    "precision": 0.6076031694311265,
    "recall": 0.7134562132225684,
    "f1-score": 0.6302049233263406,
    "support": 618.0
  },
  "weighted avg": {
    "precision": 0.7852265816562716,
    "recall": 0.7572815533980582,
    "f1-score": 0.7635358913431535,
    "support": 618.0
  },
  "top3_accuracy": 0.9854368932038835,
  "run_name": "comp_sp_tokens_LBTPDeberta_u5_6_classes_seed42",
  "model_location": "/work/disa_lab/projects/triagerx/models/comp_sp_tokens_LBTPDeberta_u5_6_classes_seed42.pt"
}