{
  "1": {
    "precision": 0.0,
    "recall": 0.0,
    "f1-score": 0.0,
    "support": 1.0
  },
  "2": {
    "precision": 0.0,
    "recall": 0.0,
    "f1-score": 0.0,
    "support": 2.0
  },
  "3": {
    "precision": 0.0,
    "recall": 0.0,
    "f1-score": 0.0,
    "support": 6.0
  },
  "5": {
    "precision": 0.09090909090909091,
    "recall": 0.25,
    "f1-score": 0.13333333333333333,
    "support": 8.0
  },
  "6": {
    "precision": 0.5263157894736842,
    "recall": 0.8333333333333334,
    "f1-score": 0.6451612903225806,
    "support": 12.0
  },
  "7": {
    "precision": 0.0,
    "recall": 0.0,
    "f1-score": 0.0,
    "support": 0.0
  },
  "10": {
    "precision": 0.2692307692307692,
    "recall": 0.2692307692307692,
    "f1-score": 0.2692307692307692,
    "support": 52.0
  },
  "11": {
    "precision": 0.0,
    "recall": 0.0,
    "f1-score": 0.0,
    "support": 5.0
  },
  "12": {
    "precision": 0.0,
    "recall": 0.0,
    "f1-score": 0.0,
    "support": 2.0
  },
  "13": {
    "precision": 0.0,
    "recall": 0.0,
    "f1-score": 0.0,
    "support": 0.0
  },
  "14": {
    "precision": 0.125,
    "recall": 0.05555555555555555,
    "f1-score": 0.07692307692307691,
    "support": 18.0
  },
  "16": {
    "precision": 0.0,
    "recall": 0.0,
    "f1-score": 0.0,
    "support": 1.0
  },
  "17": {
    "precision": 0.4626865671641791,
    "recall": 0.5254237288135594,
    "f1-score": 0.4920634920634921,
    "support": 59.0
  },
  "18": {
    "precision": 0.6666666666666666,
    "recall": 0.18181818181818182,
    "f1-score": 0.28571428571428575,
    "support": 11.0
  },
  "20": {
    "precision": 1.0,
    "recall": 0.25,
    "f1-score": 0.4,
    "support": 4.0
  },
  "21": {
    "precision": 0.0,
    "recall": 0.0,
    "f1-score": 0.0,
    "support": 0.0
  },
  "23": {
    "precision": 0.36363636363636365,
    "recall": 0.36363636363636365,
    "f1-score": 0.36363636363636365,
    "support": 11.0
  },
  "24": {
    "precision": 0.13333333333333333,
    "recall": 0.11764705882352941,
    "f1-score": 0.125,
    "support": 17.0
  },
  "25": {
    "precision": 0.0,
    "recall": 0.0,
    "f1-score": 0.0,
    "support": 0.0
  },
  "26": {
    "precision": 0.125,
    "recall": 0.2,
    "f1-score": 0.15384615384615385,
    "support": 5.0
  },
  "27": {
    "precision": 0.0,
    "recall": 0.0,
    "f1-score": 0.0,
    "support": 2.0
  },
  "28": {
    "precision": 0.2,
    "recall": 0.5,
    "f1-score": 0.28571428571428575,
    "support": 4.0
  },
  "29": {
    "precision": 0.0,
    "recall": 0.0,
    "f1-score": 0.0,
    "support": 0.0
  },
  "30": {
    "precision": 0.2,
    "recall": 0.1111111111111111,
    "f1-score": 0.14285714285714285,
    "support": 18.0
  },
  "31": {
    "precision": 0.0,
    "recall": 0.0,
    "f1-score": 0.0,
    "support": 0.0
  },
  "32": {
    "precision": 0.25,
    "recall": 0.14285714285714285,
    "f1-score": 0.18181818181818182,
    "support": 7.0
  },
  "33": {
    "precision": 0.4,
    "recall": 0.3076923076923077,
    "f1-score": 0.34782608695652173,
    "support": 39.0
  },
  "34": {
    "precision": 0.2631578947368421,
    "recall": 0.4166666666666667,
    "f1-score": 0.3225806451612903,
    "support": 12.0
  },
  "36": {
    "precision": 0.25,
    "recall": 0.07142857142857142,
    "f1-score": 0.11111111111111112,
    "support": 14.0
  },
  "37": {
    "precision": 0.0,
    "recall": 0.0,
    "f1-score": 0.0,
    "support": 0.0
  },
  "38": {
    "precision": 0.2,
    "recall": 0.4,
    "f1-score": 0.26666666666666666,
    "support": 5.0
  },
  "39": {
    "precision": 0.0,
    "recall": 0.0,
    "f1-score": 0.0,
    "support": 9.0
  },
  "40": {
    "precision": 0.0,
    "recall": 0.0,
    "f1-score": 0.0,
    "support": 0.0
  },
  "41": {
    "precision": 0.24,
    "recall": 0.21428571428571427,
    "f1-score": 0.2264150943396226,
    "support": 28.0
  },
  "42": {
    "precision": 0.0,
    "recall": 0.0,
    "f1-score": 0.0,
    "support": 4.0
  },
  "43": {
    "precision": 0.0,
    "recall": 0.0,
    "f1-score": 0.0,
    "support": 0.0
  },
  "44": {
    "precision": 0.0,
    "recall": 0.0,
    "f1-score": 0.0,
    "support": 2.0
  },
  "45": {
    "precision": 0.0,
    "recall": 0.0,
    "f1-score": 0.0,
    "support": 6.0
  },
  "46": {
    "precision": 0.0,
    "recall": 0.0,
    "f1-score": 0.0,
    "support": 2.0
  },
  "47": {
    "precision": 0.0,
    "recall": 0.0,
    "f1-score": 0.0,
    "support": 12.0
  },
  "49": {
    "precision": 0.0,
    "recall": 0.0,
    "f1-score": 0.0,
    "support": 1.0
  },
  "accuracy": 0.2612137203166227,
  "macro avg": {
    "precision": 0.1406325969549007,
    "recall": 0.12708991476226356,
    "f1-score": 0.11780238974865559,
    "support": 379.0
  },
  "weighted avg": {
    "precision": 0.2768983229564264,
    "recall": 0.2612137203166227,
    "f1-score": 0.2546537232971982,
    "support": 379.0
  },
  "top3_acc": 0.47757255936675463,
  "top5_acc": 0.5989445910290238,
  "top10_acc": 0.7335092348284961,
  "top20_acc": 0.9023746701846965,
  "run_name": "triagerx_ensemble_u3_4_classes_last_dev_seed42",
  "model_location": "/work/disa_lab/projects/triagerx/models/openj9/triagerx_ensemble_u3_4_classes_last_dev_seed42.pt"
}