  {
  "1": {
    "precision": 0.0,
    "recall": 0.0,
    "f1-score": 0.0,
    "support": 1.0
  },
  "2": {
    "precision": 0.125,
    "recall": 0.05555555555555555,
    "f1-score": 0.07692307692307691,
    "support": 18.0
  },
  "4": {
    "precision": 0.3333333333333333,
    "recall": 0.5,
    "f1-score": 0.4,
    "support": 2.0
  },
  "5": {
    "precision": 0.0,
    "recall": 0.0,
    "f1-score": 0.0,
    "support": 6.0
  },
  "7": {
    "precision": 0.0,
    "recall": 0.0,
    "f1-score": 0.0,
    "support": 1.0
  },
  "8": {
    "precision": 0.4262295081967213,
    "recall": 0.4406779661016949,
    "f1-score": 0.4333333333333333,
    "support": 59.0
  },
  "9": {
    "precision": 0.07142857142857142,
    "recall": 0.1111111111111111,
    "f1-score": 0.08695652173913043,
    "support": 9.0
  },
  "10": {
    "precision": 0.5333333333333333,
    "recall": 0.6666666666666666,
    "f1-score": 0.5925925925925926,
    "support": 12.0
  },
  "11": {
    "precision": 1.0,
    "recall": 0.09090909090909091,
    "f1-score": 0.16666666666666669,
    "support": 11.0
  },
  "14": {
    "precision": 1.0,
    "recall": 0.25,
    "f1-score": 0.4,
    "support": 4.0
  },
  "15": {
    "precision": 0.0,
    "recall": 0.0,
    "f1-score": 0.0,
    "support": 0.0
  },
  "17": {
    "precision": 0.5,
    "recall": 0.16666666666666666,
    "f1-score": 0.25,
    "support": 12.0
  },
  "19": {
    "precision": 0.125,
    "recall": 0.11764705882352941,
    "f1-score": 0.12121212121212122,
    "support": 17.0
  },
  "20": {
    "precision": 0.0,
    "recall": 0.0,
    "f1-score": 0.0,
    "support": 0.0
  },
  "21": {
    "precision": 0.0,
    "recall": 0.0,
    "f1-score": 0.0,
    "support": 5.0
  },
  "22": {
    "precision": 0.0,
    "recall": 0.0,
    "f1-score": 0.0,
    "support": 2.0
  },
  "23": {
    "precision": 0.15384615384615385,
    "recall": 0.5,
    "f1-score": 0.23529411764705882,
    "support": 4.0
  },
  "24": {
    "precision": 0.0,
    "recall": 0.0,
    "f1-score": 0.0,
    "support": 0.0
  },
  "25": {
    "precision": 0.125,
    "recall": 0.05555555555555555,
    "f1-score": 0.07692307692307691,
    "support": 18.0
  },
  "27": {
    "precision": 0.25806451612903225,
    "recall": 0.46153846153846156,
    "f1-score": 0.3310344827586207,
    "support": 52.0
  },
  "29": {
    "precision": 0.0,
    "recall": 0.0,
    "f1-score": 0.0,
    "support": 8.0
  },
  "30": {
    "precision": 0.3469387755102041,
    "recall": 0.4358974358974359,
    "f1-score": 0.3863636363636364,
    "support": 39.0
  },
  "31": {
    "precision": 0.375,
    "recall": 0.5,
    "f1-score": 0.42857142857142855,
    "support": 12.0
  },
  "32": {
    "precision": 0.0,
    "recall": 0.0,
    "f1-score": 0.0,
    "support": 5.0
  },
  "34": {
    "precision": 0.0,
    "recall": 0.0,
    "f1-score": 0.0,
    "support": 14.0
  },
  "35": {
    "precision": 0.0,
    "recall": 0.0,
    "f1-score": 0.0,
    "support": 2.0
  },
  "38": {
    "precision": 0.25,
    "recall": 0.2,
    "f1-score": 0.22222222222222224,
    "support": 5.0
  },
  "39": {
    "precision": 0.0,
    "recall": 0.0,
    "f1-score": 0.0,
    "support": 9.0
  },
  "40": {
    "precision": 0.0,
    "recall": 0.0,
    "f1-score": 0.0,
    "support": 0.0
  },
  "41": {
    "precision": 0.21153846153846154,
    "recall": 0.39285714285714285,
    "f1-score": 0.275,
    "support": 28.0
  },
  "42": {
    "precision": 0.0,
    "recall": 0.0,
    "f1-score": 0.0,
    "support": 4.0
  },
  "44": {
    "precision": 0.0,
    "recall": 0.0,
    "f1-score": 0.0,
    "support": 2.0
  },
  "45": {
    "precision": 0.0,
    "recall": 0.0,
    "f1-score": 0.0,
    "support": 6.0
  },
  "46": {
    "precision": 0.0,
    "recall": 0.0,
    "f1-score": 0.0,
    "support": 2.0
  },
  "47": {
    "precision": 0.0,
    "recall": 0.0,
    "f1-score": 0.0,
    "support": 12.0
  },
  "49": {
    "precision": 0.0,
    "recall": 0.0,
    "f1-score": 0.0,
    "support": 1.0
  },
  "accuracy": 0.27486910994764396,
  "macro avg": {
    "precision": 0.16207535148099475,
    "recall": 0.13736340865785865,
    "f1-score": 0.124530368804249,
    "support": 382.0
  },
  "weighted avg": {
    "precision": 0.2610484120816742,
    "recall": 0.27486910994764396,
    "f1-score": 0.24267192744185,
    "support": 382.0
  },
  "top3_acc": 0.4895287958115183,
  "top5_acc": 0.6047120418848168,
  "top10_acc": 0.7670157068062827,
  "top20_acc": 0.9031413612565445,
  "run_name": "openj9_triagerx_no_sampler_ensemble_u3_15_classes_last_dev_seed42",
  "model_location": "/work/disa_lab/projects/triagerx/models/openj9/openj9_triagerx_no_sampler_ensemble_u3_15_classes_last_dev_seed42.pt"
}