{
  "1": {
    "precision": 0.0,
    "recall": 0.0,
    "f1-score": 0.0,
    "support": 1.0
  },
  "2": {
    "precision": 0.2,
    "recall": 0.05555555555555555,
    "f1-score": 0.08695652173913045,
    "support": 18.0
  },
  "4": {
    "precision": 0.25,
    "recall": 0.5,
    "f1-score": 0.3333333333333333,
    "support": 2.0
  },
  "5": {
    "precision": 0.0,
    "recall": 0.0,
    "f1-score": 0.0,
    "support": 6.0
  },
  "7": {
    "precision": 0.0,
    "recall": 0.0,
    "f1-score": 0.0,
    "support": 1.0
  },
  "8": {
    "precision": 0.42028985507246375,
    "recall": 0.4915254237288136,
    "f1-score": 0.45312499999999994,
    "support": 59.0
  },
  "9": {
    "precision": 0.125,
    "recall": 0.3333333333333333,
    "f1-score": 0.18181818181818182,
    "support": 9.0
  },
  "10": {
    "precision": 0.625,
    "recall": 0.8333333333333334,
    "f1-score": 0.7142857142857143,
    "support": 12.0
  },
  "11": {
    "precision": 0.6666666666666666,
    "recall": 0.18181818181818182,
    "f1-score": 0.28571428571428575,
    "support": 11.0
  },
  "12": {
    "precision": 0.0,
    "recall": 0.0,
    "f1-score": 0.0,
    "support": 0.0
  },
  "14": {
    "precision": 0.3333333333333333,
    "recall": 0.25,
    "f1-score": 0.28571428571428575,
    "support": 4.0
  },
  "15": {
    "precision": 0.0,
    "recall": 0.0,
    "f1-score": 0.0,
    "support": 0.0
  },
  "17": {
    "precision": 0.6666666666666666,
    "recall": 0.16666666666666666,
    "f1-score": 0.26666666666666666,
    "support": 12.0
  },
  "18": {
    "precision": 0.0,
    "recall": 0.0,
    "f1-score": 0.0,
    "support": 0.0
  },
  "19": {
    "precision": 0.058823529411764705,
    "recall": 0.058823529411764705,
    "f1-score": 0.058823529411764705,
    "support": 17.0
  },
  "20": {
    "precision": 0.0,
    "recall": 0.0,
    "f1-score": 0.0,
    "support": 0.0
  },
  "21": {
    "precision": 0.2,
    "recall": 0.4,
    "f1-score": 0.26666666666666666,
    "support": 5.0
  },
  "22": {
    "precision": 0.0,
    "recall": 0.0,
    "f1-score": 0.0,
    "support": 2.0
  },
  "23": {
    "precision": 0.2,
    "recall": 0.5,
    "f1-score": 0.28571428571428575,
    "support": 4.0
  },
  "25": {
    "precision": 0.18181818181818182,
    "recall": 0.1111111111111111,
    "f1-score": 0.13793103448275862,
    "support": 18.0
  },
  "27": {
    "precision": 0.2926829268292683,
    "recall": 0.23076923076923078,
    "f1-score": 0.25806451612903225,
    "support": 52.0
  },
  "29": {
    "precision": 0.25,
    "recall": 0.125,
    "f1-score": 0.16666666666666666,
    "support": 8.0
  },
  "30": {
    "precision": 0.45454545454545453,
    "recall": 0.38461538461538464,
    "f1-score": 0.41666666666666663,
    "support": 39.0
  },
  "31": {
    "precision": 0.2631578947368421,
    "recall": 0.4166666666666667,
    "f1-score": 0.3225806451612903,
    "support": 12.0
  },
  "32": {
    "precision": 0.0,
    "recall": 0.0,
    "f1-score": 0.0,
    "support": 5.0
  },
  "34": {
    "precision": 0.0,
    "recall": 0.0,
    "f1-score": 0.0,
    "support": 14.0
  },
  "35": {
    "precision": 0.045454545454545456,
    "recall": 0.5,
    "f1-score": 0.08333333333333334,
    "support": 2.0
  },
  "37": {
    "precision": 0.0,
    "recall": 0.0,
    "f1-score": 0.0,
    "support": 0.0
  },
  "38": {
    "precision": 0.125,
    "recall": 0.2,
    "f1-score": 0.15384615384615385,
    "support": 5.0
  },
  "39": {
    "precision": 0.0,
    "recall": 0.0,
    "f1-score": 0.0,
    "support": 9.0
  },
  "40": {
    "precision": 0.0,
    "recall": 0.0,
    "f1-score": 0.0,
    "support": 0.0
  },
  "41": {
    "precision": 0.3888888888888889,
    "recall": 0.25,
    "f1-score": 0.30434782608695654,
    "support": 28.0
  },
  "42": {
    "precision": 0.0,
    "recall": 0.0,
    "f1-score": 0.0,
    "support": 4.0
  },
  "44": {
    "precision": 0.0,
    "recall": 0.0,
    "f1-score": 0.0,
    "support": 2.0
  },
  "45": {
    "precision": 0.0,
    "recall": 0.0,
    "f1-score": 0.0,
    "support": 6.0
  },
  "46": {
    "precision": 0.0,
    "recall": 0.0,
    "f1-score": 0.0,
    "support": 2.0
  },
  "47": {
    "precision": 0.0,
    "recall": 0.0,
    "f1-score": 0.0,
    "support": 12.0
  },
  "49": {
    "precision": 0.0,
    "recall": 0.0,
    "f1-score": 0.0,
    "support": 1.0
  },
  "accuracy": 0.25654450261780104,
  "macro avg": {
    "precision": 0.15124547219537043,
    "recall": 0.15761101097394847,
    "f1-score": 0.13321724509045194,
    "support": 382.0
  },
  "weighted avg": {
    "precision": 0.28788212834477506,
    "recall": 0.25654450261780104,
    "f1-score": 0.2537958301797601,
    "support": 382.0
  },
  "top3_acc": 0.4581151832460733,
  "top5_acc": 0.5837696335078534,
  "top10_acc": 0.743455497382199,
  "top20_acc": 0.8952879581151832,
  "run_name": "openj9_triagerx_ensemble_u2c2_50_classes_last_dev_seed42",
  "model_location": "/work/disa_lab/projects/triagerx/models/openj9/openj9_triagerx_ensemble_u2c2_50_classes_last_dev_seed42.pt"
}