{
  "0": {
    "precision": 0.13793103448275862,
    "recall": 0.16,
    "f1-score": 0.14814814814814817,
    "support": 25.0
  },
  "1": {
    "precision": 0.0,
    "recall": 0.0,
    "f1-score": 0.0,
    "support": 8.0
  },
  "2": {
    "precision": 0.2564102564102564,
    "recall": 0.2857142857142857,
    "f1-score": 0.27027027027027023,
    "support": 35.0
  },
  "3": {
    "precision": 0.625,
    "recall": 0.8333333333333334,
    "f1-score": 0.7142857142857143,
    "support": 6.0
  },
  "4": {
    "precision": 0.0,
    "recall": 0.0,
    "f1-score": 0.0,
    "support": 1.0
  },
  "5": {
    "precision": 0.2962962962962963,
    "recall": 0.14545454545454545,
    "f1-score": 0.19512195121951217,
    "support": 110.0
  },
  "6": {
    "precision": 0.0,
    "recall": 0.0,
    "f1-score": 0.0,
    "support": 1.0
  },
  "7": {
    "precision": 0.0,
    "recall": 0.0,
    "f1-score": 0.0,
    "support": 1.0
  },
  "8": {
    "precision": 0.3333333333333333,
    "recall": 0.5,
    "f1-score": 0.4,
    "support": 2.0
  },
  "9": {
    "precision": 0.3,
    "recall": 0.23809523809523808,
    "f1-score": 0.26548672566371684,
    "support": 63.0
  },
  "10": {
    "precision": 0.0,
    "recall": 0.0,
    "f1-score": 0.0,
    "support": 2.0
  },
  "11": {
    "precision": 0.10526315789473684,
    "recall": 0.2857142857142857,
    "f1-score": 0.15384615384615385,
    "support": 7.0
  },
  "12": {
    "precision": 0.23529411764705882,
    "recall": 0.5714285714285714,
    "f1-score": 0.3333333333333333,
    "support": 7.0
  },
  "13": {
    "precision": 0.034482758620689655,
    "recall": 0.25,
    "f1-score": 0.0606060606060606,
    "support": 4.0
  },
  "14": {
    "precision": 0.5652173913043478,
    "recall": 0.40625,
    "f1-score": 0.4727272727272727,
    "support": 32.0
  },
  "15": {
    "precision": 0.09375,
    "recall": 0.17647058823529413,
    "f1-score": 0.12244897959183672,
    "support": 17.0
  },
  "16": {
    "precision": 0.20833333333333334,
    "recall": 0.23809523809523808,
    "f1-score": 0.22222222222222224,
    "support": 21.0
  },
  "17": {
    "precision": 0.10810810810810811,
    "recall": 0.36363636363636365,
    "f1-score": 0.16666666666666669,
    "support": 11.0
  },
  "18": {
    "precision": 0.0,
    "recall": 0.0,
    "f1-score": 0.0,
    "support": 1.0
  },
  "19": {
    "precision": 0.5,
    "recall": 0.6190476190476191,
    "f1-score": 0.5531914893617021,
    "support": 42.0
  },
  "20": {
    "precision": 0.3695652173913043,
    "recall": 0.4594594594594595,
    "f1-score": 0.4096385542168674,
    "support": 37.0
  },
  "21": {
    "precision": 0.3333333333333333,
    "recall": 0.07086614173228346,
    "f1-score": 0.1168831168831169,
    "support": 127.0
  },
  "22": {
    "precision": 0.5,
    "recall": 0.35555555555555557,
    "f1-score": 0.41558441558441556,
    "support": 45.0
  },
  "23": {
    "precision": 0.0,
    "recall": 0.0,
    "f1-score": 0.0,
    "support": 1.0
  },
  "24": {
    "precision": 0.0,
    "recall": 0.0,
    "f1-score": 0.0,
    "support": 11.0
  },
  "25": {
    "precision": 0.045454545454545456,
    "recall": 0.021739130434782608,
    "f1-score": 0.02941176470588235,
    "support": 46.0
  },
  "26": {
    "precision": 0.2,
    "recall": 0.2,
    "f1-score": 0.20000000000000004,
    "support": 5.0
  },
  "27": {
    "precision": 0.5,
    "recall": 0.15384615384615385,
    "f1-score": 0.23529411764705882,
    "support": 13.0
  },
  "28": {
    "precision": 0.7,
    "recall": 0.25925925925925924,
    "f1-score": 0.37837837837837834,
    "support": 27.0
  },
  "29": {
    "precision": 0.14285714285714285,
    "recall": 0.14285714285714285,
    "f1-score": 0.14285714285714285,
    "support": 7.0
  },
  "30": {
    "precision": 0.0,
    "recall": 0.0,
    "f1-score": 0.0,
    "support": 1.0
  },
  "31": {
    "precision": 0.0,
    "recall": 0.0,
    "f1-score": 0.0,
    "support": 1.0
  },
  "32": {
    "precision": 0.24193548387096775,
    "recall": 0.18518518518518517,
    "f1-score": 0.2097902097902098,
    "support": 81.0
  },
  "33": {
    "precision": 0.4084507042253521,
    "recall": 0.43283582089552236,
    "f1-score": 0.4202898550724637,
    "support": 67.0
  },
  "34": {
    "precision": 0.13333333333333333,
    "recall": 1.0,
    "f1-score": 0.23529411764705882,
    "support": 2.0
  },
  "35": {
    "precision": 0.2,
    "recall": 1.0,
    "f1-score": 0.33333333333333337,
    "support": 1.0
  },
  "36": {
    "precision": 0.3333333333333333,
    "recall": 0.32,
    "f1-score": 0.32653061224489793,
    "support": 25.0
  },
  "37": {
    "precision": 0.42857142857142855,
    "recall": 0.38181818181818183,
    "f1-score": 0.4038461538461538,
    "support": 55.0
  },
  "38": {
    "precision": 0.0,
    "recall": 0.0,
    "f1-score": 0.0,
    "support": 3.0
  },
  "39": {
    "precision": 0.17647058823529413,
    "recall": 0.125,
    "f1-score": 0.14634146341463414,
    "support": 24.0
  },
  "40": {
    "precision": 0.3333333333333333,
    "recall": 1.0,
    "f1-score": 0.5,
    "support": 1.0
  },
  "41": {
    "precision": 0.0,
    "recall": 0.0,
    "f1-score": 0.0,
    "support": 10.0
  },
  "42": {
    "precision": 0.0,
    "recall": 0.0,
    "f1-score": 0.0,
    "support": 17.0
  },
  "43": {
    "precision": 0.1875,
    "recall": 0.3333333333333333,
    "f1-score": 0.24000000000000005,
    "support": 9.0
  },
  "44": {
    "precision": 0.3333333333333333,
    "recall": 0.08,
    "f1-score": 0.12903225806451613,
    "support": 25.0
  },
  "45": {
    "precision": 0.8,
    "recall": 0.5,
    "f1-score": 0.6153846153846154,
    "support": 8.0
  },
  "46": {
    "precision": 0.07142857142857142,
    "recall": 0.3125,
    "f1-score": 0.11627906976744186,
    "support": 16.0
  },
  "47": {
    "precision": 0.0,
    "recall": 0.0,
    "f1-score": 0.0,
    "support": 10.0
  },
  "48": {
    "precision": 0.0,
    "recall": 0.0,
    "f1-score": 0.0,
    "support": 2.0
  },
  "49": {
    "precision": 0.03125,
    "recall": 0.25,
    "f1-score": 0.05555555555555555,
    "support": 4.0
  },
  "50": {
    "precision": 0.0,
    "recall": 0.0,
    "f1-score": 0.0,
    "support": 5.0
  },
  "51": {
    "precision": 0.5,
    "recall": 0.09090909090909091,
    "f1-score": 0.15384615384615385,
    "support": 11.0
  },
  "52": {
    "precision": 0.6515151515151515,
    "recall": 0.33076923076923076,
    "f1-score": 0.4387755102040816,
    "support": 130.0
  },
  "53": {
    "precision": 0.2,
    "recall": 0.1891891891891892,
    "f1-score": 0.19444444444444445,
    "support": 37.0
  },
  "54": {
    "precision": 0.7857142857142857,
    "recall": 0.21153846153846154,
    "f1-score": 0.3333333333333333,
    "support": 52.0
  },
  "55": {
    "precision": 0.6153846153846154,
    "recall": 0.2222222222222222,
    "f1-score": 0.326530612244898,
    "support": 36.0
  },
  "56": {
    "precision": 0.0392156862745098,
    "recall": 0.07142857142857142,
    "f1-score": 0.050632911392405056,
    "support": 28.0
  },
  "57": {
    "precision": 0.4418604651162791,
    "recall": 0.6263736263736264,
    "f1-score": 0.5181818181818182,
    "support": 91.0
  },
  "58": {
    "precision": 0.6363636363636364,
    "recall": 0.39622641509433965,
    "f1-score": 0.48837209302325585,
    "support": 106.0
  },
  "59": {
    "precision": 0.0,
    "recall": 0.0,
    "f1-score": 0.0,
    "support": 2.0
  },
  "60": {
    "precision": 0.13333333333333333,
    "recall": 1.0,
    "f1-score": 0.23529411764705882,
    "support": 2.0
  },
  "61": {
    "precision": 0.9655172413793104,
    "recall": 0.9655172413793104,
    "f1-score": 0.9655172413793104,
    "support": 29.0
  },
  "62": {
    "precision": 0.5,
    "recall": 1.0,
    "f1-score": 0.6666666666666666,
    "support": 1.0
  },
  "63": {
    "precision": 0.047619047619047616,
    "recall": 0.5,
    "f1-score": 0.08695652173913042,
    "support": 2.0
  },
  "64": {
    "precision": 0.07777777777777778,
    "recall": 0.4666666666666667,
    "f1-score": 0.13333333333333333,