{"0": {"precision": 0.8088235294117647, "recall": 0.7236842105263158, "f1-score": 0.763888888888889, "support": 76.0}, "1": {"precision": 0.7333333333333333, "recall": 0.5116279069767442, "f1-score": 0.6027397260273971, "support": 43.0}, "2": {"precision": 0.0, "recall": 0.0, "f1-score": 0.0, "support": 6.0}, "3": {"precision": 0.5, "recall": 0.5, "f1-score": 0.5, "support": 2.0}, "4": {"precision": 0.7364341085271318, "recall": 0.6934306569343066, "f1-score": 0.7142857142857142, "support": 137.0}, "5": {"precision": 0.8268733850129198, "recall": 0.903954802259887, "f1-score": 0.863697705802969, "support": 354.0}, "accuracy": 0.7977346278317152, "macro avg": {"precision": 0.6009107260475249, "recall": 0.555449596116209, "f1-score": 0.5741020058341616, "support": 618.0}, "weighted avg": {"precision": 0.7890106354877315, "recall": 0.7977346278317152, "f1-score": 0.7905817062882322, "support": 618.0}, "test_accuracy": 0.7977346278317152, "run_name": "comp_summary_sp_tokens_LBTPDeberta_u5_6_classes_seed42", "model_location": "/work/disa_lab/projects/triagerx/models/comp_summary_sp_tokens_LBTPDeberta_u5_6_classes_seed42.pt"}