{
  "0": {
    "precision": 0.3076923076923077,
    "recall": 0.8,
    "f1-score": 0.4444444444444444,
    "support": 10.0
  },
  "2": {
    "precision": 0.0,
    "recall": 0.0,
    "f1-score": 0.0,
    "support": 0.0
  },
  "5": {
    "precision": 0.2857142857142857,
    "recall": 0.21052631578947367,
    "f1-score": 0.24242424242424243,
    "support": 19.0
  },
  "6": {
    "precision": 0.4,
    "recall": 0.43137254901960786,
    "f1-score": 0.41509433962264153,
    "support": 51.0
  },
  "7": {
    "precision": 0.0,
    "recall": 0.0,
    "f1-score": 0.0,
    "support": 0.0
  },
  "8": {
    "precision": 0.9565217391304348,
    "recall": 1.0,
    "f1-score": 0.9777777777777777,
    "support": 44.0
  },
  "9": {
    "precision": 0.11764705882352941,
    "recall": 0.18181818181818182,
    "f1-score": 0.14285714285714285,
    "support": 11.0
  },
  "11": {
    "precision": 0.0,
    "recall": 0.0,
    "f1-score": 0.0,
    "support": 0.0
  },
  "12": {
    "precision": 0.13333333333333333,
    "recall": 0.08333333333333333,
    "f1-score": 0.10256410256410255,
    "support": 24.0
  },
  "13": {
    "precision": 0.5833333333333334,
    "recall": 0.4666666666666667,
    "f1-score": 0.5185185185185186,
    "support": 30.0
  },
  "16": {
    "precision": 0.1,
    "recall": 0.10714285714285714,
    "f1-score": 0.10344827586206898,
    "support": 28.0
  },
  "17": {
    "precision": 0.4166666666666667,
    "recall": 0.2777777777777778,
    "f1-score": 0.33333333333333337,
    "support": 18.0
  },
  "19": {
    "precision": 0.0,
    "recall": 0.0,
    "f1-score": 0.0,
    "support": 0.0
  },
  "20": {
    "precision": 0.25,
    "recall": 0.2608695652173913,
    "f1-score": 0.2553191489361702,
    "support": 23.0
  },
  "22": {
    "precision": 0.0,
    "recall": 0.0,
    "f1-score": 0.0,
    "support": 0.0
  },
  "23": {
    "precision": 0.7368421052631579,
    "recall": 0.7368421052631579,
    "f1-score": 0.7368421052631579,
    "support": 19.0
  },
  "24": {
    "precision": 0.3333333333333333,
    "recall": 0.24444444444444444,
    "f1-score": 0.28205128205128205,
    "support": 45.0
  },
  "26": {
    "precision": 0.0,
    "recall": 0.0,
    "f1-score": 0.0,
    "support": 0.0
  },
  "28": {
    "precision": 0.2727272727272727,
    "recall": 0.15,
    "f1-score": 0.19354838709677416,
    "support": 20.0
  },
  "accuracy": 0.40350877192982454,
  "macro avg": {
    "precision": 0.2575690229482976,
    "recall": 0.26056809455120483,
    "f1-score": 0.24990647898692928,
    "support": 342.0
  },
  "weighted avg": {
    "precision": 0.4195646611954326,
    "recall": 0.40350877192982454,
    "f1-score": 0.4039860490231509,
    "support": 342.0
  },
  "top3_acc": 0.6754385964912281,
  "top5_acc": 0.8099415204678363,
  "top10_acc": 0.9649122807017544,
  "run_name": "triagerx_ensemble_u3_24_classes_last_dev_seed42",
  "model_location": "/work/disa_lab/projects/triagerx/models/powertoys/triagerx_ensemble_u3_24_classes_last_dev_seed42.pt"
}