{
  "0": {
    "precision": 0.0,
    "recall": 0.0,
    "f1-score": 0.0,
    "support": 3.0
  },
  "1": {
    "precision": 0.25,
    "recall": 0.375,
    "f1-score": 0.3,
    "support": 8.0
  },
  "2": {
    "precision": 0.0,
    "recall": 0.0,
    "f1-score": 0.0,
    "support": 10.0
  },
  "3": {
    "precision": 0.6153846153846154,
    "recall": 0.48,
    "f1-score": 0.5393258426966293,
    "support": 50.0
  },
  "4": {
    "precision": 0.0,
    "recall": 0.0,
    "f1-score": 0.0,
    "support": 0.0
  },
  "5": {
    "precision": 0.0,
    "recall": 0.0,
    "f1-score": 0.0,
    "support": 0.0
  },
  "6": {
    "precision": 0.0,
    "recall": 0.0,
    "f1-score": 0.0,
    "support": 1.0
  },
  "7": {
    "precision": 0.2268041237113402,
    "recall": 0.2716049382716049,
    "f1-score": 0.24719101123595508,
    "support": 81.0
  },
  "8": {
    "precision": 0.6666666666666666,
    "recall": 0.3333333333333333,
    "f1-score": 0.4444444444444444,
    "support": 12.0
  },
  "9": {
    "precision": 0.0,
    "recall": 0.0,
    "f1-score": 0.0,
    "support": 5.0
  },
  "10": {
    "precision": 0.14285714285714285,
    "recall": 1.0,
    "f1-score": 0.25,
    "support": 1.0
  },
  "11": {
    "precision": 0.25,
    "recall": 0.18518518518518517,
    "f1-score": 0.2127659574468085,
    "support": 27.0
  },
  "12": {
    "precision": 0.4264705882352941,
    "recall": 0.5686274509803921,
    "f1-score": 0.4873949579831932,
    "support": 102.0
  },
  "14": {
    "precision": 0.3333333333333333,
    "recall": 0.06666666666666667,
    "f1-score": 0.1111111111111111,
    "support": 15.0
  },
  "15": {
    "precision": 0.4,
    "recall": 0.5,
    "f1-score": 0.4444444444444445,
    "support": 8.0
  },
  "16": {
    "precision": 0.0,
    "recall": 0.0,
    "f1-score": 0.0,
    "support": 0.0
  },
  "17": {
    "precision": 0.0,
    "recall": 0.0,
    "f1-score": 0.0,
    "support": 0.0
  },
  "18": {
    "precision": 0.4444444444444444,
    "recall": 0.13333333333333333,
    "f1-score": 0.20512820512820512,
    "support": 30.0
  },
  "19": {
    "precision": 0.25,
    "recall": 0.2222222222222222,
    "f1-score": 0.23529411764705882,
    "support": 36.0
  },
  "20": {
    "precision": 0.0,
    "recall": 0.0,
    "f1-score": 0.0,
    "support": 0.0
  },
  "21": {
    "precision": 0.1875,
    "recall": 0.21428571428571427,
    "f1-score": 0.19999999999999998,
    "support": 14.0
  },
  "22": {
    "precision": 0.3333333333333333,
    "recall": 0.3333333333333333,
    "f1-score": 0.3333333333333333,
    "support": 6.0
  },
  "23": {
    "precision": 0.45454545454545453,
    "recall": 0.5882352941176471,
    "f1-score": 0.5128205128205129,
    "support": 17.0
  },
  "24": {
    "precision": 0.0,
    "recall": 0.0,
    "f1-score": 0.0,
    "support": 0.0
  },
  "25": {
    "precision": 0.375,
    "recall": 0.23076923076923078,
    "f1-score": 0.2857142857142857,
    "support": 26.0
  },
  "26": {
    "precision": 0.1111111111111111,
    "recall": 0.5,
    "f1-score": 0.1818181818181818,
    "support": 2.0
  },
  "27": {
    "precision": 0.07692307692307693,
    "recall": 0.058823529411764705,
    "f1-score": 0.06666666666666667,
    "support": 17.0
  },
  "28": {
    "precision": 0.37735849056603776,
    "recall": 0.32786885245901637,
    "f1-score": 0.3508771929824561,
    "support": 61.0
  },
  "29": {
    "precision": 0.37142857142857144,
    "recall": 0.52,
    "f1-score": 0.43333333333333335,
    "support": 25.0
  },
  "30": {
    "precision": 0.0,
    "recall": 0.0,
    "f1-score": 0.0,
    "support": 0.0
  },
  "31": {
    "precision": 0.0,
    "recall": 0.0,
    "f1-score": 0.0,
    "support": 14.0
  },
  "32": {
    "precision": 0.0,
    "recall": 0.0,
    "f1-score": 0.0,
    "support": 2.0
  },
  "33": {
    "precision": 0.058823529411764705,
    "recall": 0.07692307692307693,
    "f1-score": 0.06666666666666667,
    "support": 13.0
  },
  "34": {
    "precision": 0.0,
    "recall": 0.0,
    "f1-score": 0.0,
    "support": 13.0
  },
  "35": {
    "precision": 0.0,
    "recall": 0.0,
    "f1-score": 0.0,
    "support": 0.0
  },
  "36": {
    "precision": 0.35294117647058826,
    "recall": 0.1188118811881188,
    "f1-score": 0.17777777777777776,
    "support": 101.0
  },
  "37": {
    "precision": 0.0,
    "recall": 0.0,
    "f1-score": 0.0,
    "support": 4.0
  },
  "40": {
    "precision": 0.029411764705882353,
    "recall": 0.06666666666666667,
    "f1-score": 0.04081632653061225,
    "support": 15.0
  },
  "41": {
    "precision": 0.0,
    "recall": 0.0,
    "f1-score": 0.0,
    "support": 16.0
  },
  "42": {
    "precision": 0.0,
    "recall": 0.0,
    "f1-score": 0.0,
    "support": 5.0
  },
  "accuracy": 0.2756756756756757,
  "macro avg": {
    "precision": 0.16835843557821645,
    "recall": 0.17929226772868265,
    "f1-score": 0.15317310924454192,
    "support": 740.0
  },
  "weighted avg": {
    "precision": 0.3146706296080274,
    "recall": 0.2756756756756757,
    "f1-score": 0.2762061075998967,
    "support": 740.0
  },
  "top3_acc": 0.5594594594594594,
  "top5_acc": 0.6864864864864865,
  "top10_acc": 0.831081081081081,
  "run_name": "cnn_deberta-large_u3_42_classes_seed42",
  "model_location": "/work/disa_lab/projects/triagerx/models/openj9/cnn_deberta-large_u3_42_classes_seed42.pt"
}