{
  "0": {
    "precision": 0.273972602739726,
    "recall": 0.45454545454545453,
    "f1-score": 0.34188034188034183,
    "support": 88.0
  },
  "1": {
    "precision": 0.3284671532846715,
    "recall": 0.4368932038834951,
    "f1-score": 0.37499999999999994,
    "support": 103.0
  },
  "2": {
    "precision": 0.0,
    "recall": 0.0,
    "f1-score": 0.0,
    "support": 0.0
  },
  "3": {
    "precision": 0.0,
    "recall": 0.0,
    "f1-score": 0.0,
    "support": 0.0
  },
  "4": {
    "precision": 0.4881889763779528,
    "recall": 0.2966507177033493,
    "f1-score": 0.36904761904761907,
    "support": 209.0
  },
  "5": {
    "precision": 0.4857142857142857,
    "recall": 0.49038461538461536,
    "f1-score": 0.4880382775119617,
    "support": 104.0
  },
  "7": {
    "precision": 0.0,
    "recall": 0.0,
    "f1-score": 0.0,
    "support": 4.0
  },
  "9": {
    "precision": 0.0,
    "recall": 0.0,
    "f1-score": 0.0,
    "support": 0.0
  },
  "10": {
    "precision": 0.18518518518518517,
    "recall": 0.2631578947368421,
    "f1-score": 0.21739130434782608,
    "support": 19.0
  },
  "11": {
    "precision": 0.0,
    "recall": 0.0,
    "f1-score": 0.0,
    "support": 24.0
  },
  "12": {
    "precision": 0.0,
    "recall": 0.0,
    "f1-score": 0.0,
    "support": 0.0
  },
  "13": {
    "precision": 0.10344827586206896,
    "recall": 0.08823529411764706,
    "f1-score": 0.09523809523809523,
    "support": 34.0
  },
  "14": {
    "precision": 0.09090909090909091,
    "recall": 0.2,
    "f1-score": 0.12500000000000003,
    "support": 5.0
  },
  "15": {
    "precision": 0.0,
    "recall": 0.0,
    "f1-score": 0.0,
    "support": 27.0
  },
  "16": {
    "precision": 0.0,
    "recall": 0.0,
    "f1-score": 0.0,
    "support": 2.0
  },
  "17": {
    "precision": 0.22727272727272727,
    "recall": 0.28735632183908044,
    "f1-score": 0.25380710659898476,
    "support": 87.0
  },
  "18": {
    "precision": 0.0,
    "recall": 0.0,
    "f1-score": 0.0,
    "support": 0.0
  },
  "19": {
    "precision": 0.0,
    "recall": 0.0,
    "f1-score": 0.0,
    "support": 13.0
  },
  "21": {
    "precision": 0.0,
    "recall": 0.0,
    "f1-score": 0.0,
    "support": 0.0
  },
  "22": {
    "precision": 0.0,
    "recall": 0.0,
    "f1-score": 0.0,
    "support": 0.0
  },
  "23": {
    "precision": 0.0,
    "recall": 0.0,
    "f1-score": 0.0,
    "support": 0.0
  },
  "25": {
    "precision": 0.25806451612903225,
    "recall": 0.4,
    "f1-score": 0.3137254901960784,
    "support": 20.0
  },
  "26": {
    "precision": 0.0,
    "recall": 0.0,
    "f1-score": 0.0,
    "support": 36.0
  },
  "27": {
    "precision": 0.0,
    "recall": 0.0,
    "f1-score": 0.0,
    "support": 0.0
  },
  "28": {
    "precision": 0.0,
    "recall": 0.0,
    "f1-score": 0.0,
    "support": 0.0
  },
  "29": {
    "precision": 0.7848101265822784,
    "recall": 0.5535714285714286,
    "f1-score": 0.6492146596858639,
    "support": 112.0
  },
  "30": {
    "precision": 0.047619047619047616,
    "recall": 0.07142857142857142,
    "f1-score": 0.057142857142857134,
    "support": 14.0
  },
  "31": {
    "precision": 0.4411764705882353,
    "recall": 0.3,
    "f1-score": 0.35714285714285715,
    "support": 50.0
  },
  "32": {
    "precision": 0.0,
    "recall": 0.0,
    "f1-score": 0.0,
    "support": 1.0
  },
  "33": {
    "precision": 0.6341463414634146,
    "recall": 0.37142857142857144,
    "f1-score": 0.46846846846846846,
    "support": 70.0
  },
  "35": {
    "precision": 0.0,
    "recall": 0.0,
    "f1-score": 0.0,
    "support": 0.0
  },
  "36": {
    "precision": 0.49206349206349204,
    "recall": 0.38271604938271603,
    "f1-score": 0.4305555555555555,
    "support": 81.0
  },
  "37": {
    "precision": 0.0,
    "recall": 0.0,
    "f1-score": 0.0,
    "support": 0.0
  },
  "38": {
    "precision": 0.0,
    "recall": 0.0,
    "f1-score": 0.0,
    "support": 0.0
  },
  "39": {
    "precision": 0.0,
    "recall": 0.0,
    "f1-score": 0.0,
    "support": 16.0
  },
  "accuracy": 0.3351206434316354,
  "macro avg": {
    "precision": 0.1383153797654631,
    "recall": 0.13132480351490775,
    "f1-score": 0.1297615037947574,
    "support": 1119.0
  },
  "weighted avg": {
    "precision": 0.3912273652254268,
    "recall": 0.3351206434316354,
    "f1-score": 0.35029815814223064,
    "support": 1119.0
  },
  "top3_acc": 0.5942806076854334,
  "top5_acc": 0.6827524575513851,
  "top10_acc": 0.8284182305630027,
  "top20_acc": 0.9159964253798034,
  "run_name": "triagerx_codebert_ensemble_u3_40_classes_last_dev_no_seed_seed42",
  "model_location": "/work/disa_lab/projects/triagerx/models/typescript/triagerx_codebert_ensemble_u3_40_classes_last_dev_no_seed_seed42.pt"
}