{"0": {"precision": 0.7916666666666666, "recall": 0.75, "f1-score": 0.7702702702702704, "support": 76.0}, "1": {"precision": 0.6382978723404256, "recall": 0.6122448979591837, "f1-score": 0.625, "support": 49.0}, "2": {"precision": 0.4444444444444444, "recall": 0.4444444444444444, "f1-score": 0.4444444444444444, "support": 9.0}, "3": {"precision": 0.5384615384615384, "recall": 0.7, "f1-score": 0.608695652173913, "support": 10.0}, "4": {"precision": 0.6879432624113475, "recall": 0.7886178861788617, "f1-score": 0.7348484848484849, "support": 123.0}, "5": {"precision": 0.8630952380952381, "recall": 0.8262108262108262, "f1-score": 0.844250363901019, "support": 351.0}, "accuracy": 0.7847896440129449, "macro avg": {"precision": 0.6606515037366102, "recall": 0.6869196757988859, "f1-score": 0.6712515359396886, "support": 618.0}, "weighted avg": {"precision": 0.7902772291973904, "recall": 0.7847896440129449, "f1-score": 0.7863604181681245, "support": 618.0}, "top3_accuracy": 0.982200647249191, "run_name": "comp_summary_description_LBTPDeberta_u5_6_classes_seed66", "model_location": "/work/disa_lab/projects/triagerx/models/comp_summary_description_LBTPDeberta_u5_6_classes_seed66.pt"}