{
  "1": {
    "precision": 0.0,
    "recall": 0.0,
    "f1-score": 0.0,
    "support": 1.0
  },
  "2": {
    "precision": 0.16666666666666666,
    "recall": 0.05555555555555555,
    "f1-score": 0.08333333333333333,
    "support": 18.0
  },
  "4": {
    "precision": 0.25,
    "recall": 0.5,
    "f1-score": 0.3333333333333333,
    "support": 2.0
  },
  "5": {
    "precision": 0.0,
    "recall": 0.0,
    "f1-score": 0.0,
    "support": 6.0
  },
  "7": {
    "precision": 0.0,
    "recall": 0.0,
    "f1-score": 0.0,
    "support": 1.0
  },
  "8": {
    "precision": 0.453125,
    "recall": 0.4915254237288136,
    "f1-score": 0.4715447154471545,
    "support": 59.0
  },
  "9": {
    "precision": 0.05263157894736842,
    "recall": 0.1111111111111111,
    "f1-score": 0.07142857142857142,
    "support": 9.0
  },
  "10": {
    "precision": 0.7142857142857143,
    "recall": 0.8333333333333334,
    "f1-score": 0.7692307692307692,
    "support": 12.0
  },
  "11": {
    "precision": 0.6666666666666666,
    "recall": 0.18181818181818182,
    "f1-score": 0.28571428571428575,
    "support": 11.0
  },
  "12": {
    "precision": 0.0,
    "recall": 0.0,
    "f1-score": 0.0,
    "support": 0.0
  },
  "14": {
    "precision": 1.0,
    "recall": 0.25,
    "f1-score": 0.4,
    "support": 4.0
  },
  "15": {
    "precision": 0.0,
    "recall": 0.0,
    "f1-score": 0.0,
    "support": 0.0
  },
  "17": {
    "precision": 0.2727272727272727,
    "recall": 0.25,
    "f1-score": 0.2608695652173913,
    "support": 12.0
  },
  "18": {
    "precision": 0.0,
    "recall": 0.0,
    "f1-score": 0.0,
    "support": 0.0
  },
  "19": {
    "precision": 0.06666666666666667,
    "recall": 0.058823529411764705,
    "f1-score": 0.0625,
    "support": 17.0
  },
  "20": {
    "precision": 0.0,
    "recall": 0.0,
    "f1-score": 0.0,
    "support": 0.0
  },
  "21": {
    "precision": 0.25,
    "recall": 0.2,
    "f1-score": 0.22222222222222224,
    "support": 5.0
  },
  "22": {
    "precision": 0.0,
    "recall": 0.0,
    "f1-score": 0.0,
    "support": 2.0
  },
  "23": {
    "precision": 0.1,
    "recall": 0.25,
    "f1-score": 0.14285714285714288,
    "support": 4.0
  },
  "24": {
    "precision": 0.0,
    "recall": 0.0,
    "f1-score": 0.0,
    "support": 0.0
  },
  "25": {
    "precision": 0.09090909090909091,
    "recall": 0.05555555555555555,
    "f1-score": 0.06896551724137931,
    "support": 18.0
  },
  "27": {
    "precision": 0.4,
    "recall": 0.2692307692307692,
    "f1-score": 0.3218390804597701,
    "support": 52.0
  },
  "29": {
    "precision": 0.125,
    "recall": 0.125,
    "f1-score": 0.125,
    "support": 8.0
  },
  "30": {
    "precision": 0.43243243243243246,
    "recall": 0.41025641025641024,
    "f1-score": 0.42105263157894735,
    "support": 39.0
  },
  "31": {
    "precision": 0.2777777777777778,
    "recall": 0.4166666666666667,
    "f1-score": 0.33333333333333337,
    "support": 12.0
  },
  "32": {
    "precision": 0.0,
    "recall": 0.0,
    "f1-score": 0.0,
    "support": 5.0
  },
  "34": {
    "precision": 0.0,
    "recall": 0.0,
    "f1-score": 0.0,
    "support": 14.0
  },
  "35": {
    "precision": 0.0,
    "recall": 0.0,
    "f1-score": 0.0,
    "support": 2.0
  },
  "36": {
    "precision": 0.0,
    "recall": 0.0,
    "f1-score": 0.0,
    "support": 0.0
  },
  "37": {
    "precision": 0.0,
    "recall": 0.0,
    "f1-score": 0.0,
    "support": 0.0
  },
  "38": {
    "precision": 0.1111111111111111,
    "recall": 0.2,
    "f1-score": 0.14285714285714285,
    "support": 5.0
  },
  "39": {
    "precision": 0.0,
    "recall": 0.0,
    "f1-score": 0.0,
    "support": 9.0
  },
  "40": {
    "precision": 0.0,
    "recall": 0.0,
    "f1-score": 0.0,
    "support": 0.0
  },
  "41": {
    "precision": 0.24242424242424243,
    "recall": 0.2857142857142857,
    "f1-score": 0.26229508196721313,
    "support": 28.0
  },
  "42": {
    "precision": 0.0,
    "recall": 0.0,
    "f1-score": 0.0,
    "support": 4.0
  },
  "44": {
    "precision": 0.0,
    "recall": 0.0,
    "f1-score": 0.0,
    "support": 2.0
  },
  "45": {
    "precision": 0.0,
    "recall": 0.0,
    "f1-score": 0.0,
    "support": 6.0
  },
  "46": {
    "precision": 0.0,
    "recall": 0.0,
    "f1-score": 0.0,
    "support": 2.0
  },
  "47": {
    "precision": 0.0,
    "recall": 0.0,
    "f1-score": 0.0,
    "support": 12.0
  },
  "48": {
    "precision": 0.0,
    "recall": 0.0,
    "f1-score": 0.0,
    "support": 0.0
  },
  "49": {
    "precision": 0.0,
    "recall": 0.0,
    "f1-score": 0.0,
    "support": 1.0
  },
  "accuracy": 0.25392670157068065,
  "macro avg": {
    "precision": 0.1383518102589027,
    "recall": 0.12059977615566944,
    "f1-score": 0.11654577381029244,
    "support": 382.0
  },
  "weighted avg": {
    "precision": 0.2817981096841492,
    "recall": 0.25392670157068065,
    "f1-score": 0.25637794501277533,
    "support": 382.0
  },
  "top3_acc": 0.4397905759162304,
  "top5_acc": 0.5863874345549738,
  "top10_acc": 0.7643979057591623,
  "top20_acc": 0.9136125654450262,
  "run_name": "triagerx_same_embedding_deberta_u3_50devs_seed42",
  "model_location": "/work/disa_lab/projects/triagerx/models/openj9/triagerx_same_embedding_deberta_u3_50devs_seed42.pt"
}