{"0": {"precision": 0.7096774193548387, "recall": 0.88, "f1-score": 0.7857142857142856, "support": 75.0}, "1": {"precision": 0.7567567567567568, "recall": 0.5, "f1-score": 0.6021505376344086, "support": 56.0}, "2": {"precision": 0.6666666666666666, "recall": 0.2, "f1-score": 0.30769230769230765, "support": 10.0}, "3": {"precision": 0.6666666666666666, "recall": 0.3333333333333333, "f1-score": 0.4444444444444444, "support": 6.0}, "4": {"precision": 0.6509433962264151, "recall": 0.6448598130841121, "f1-score": 0.647887323943662, "support": 107.0}, "5": {"precision": 0.8430851063829787, "recall": 0.8708791208791209, "f1-score": 0.8567567567567568, "support": 364.0}, "accuracy": 0.7831715210355987, "macro avg": {"precision": 0.7156326686757204, "recall": 0.5715120445494277, "f1-score": 0.6074409426976441, "support": 618.0}, "weighted avg": {"precision": 0.7812374977609848, "recall": 0.7831715210355987, "f1-score": 0.7760129359241413, "support": 618.0}, "test_accuracy": 0.7831715210355987, "run_name": "comp_raw_data_LBTPDeberta_u5_6_classes", "model_location": "/work/disa_lab/projects/triagerx/models/comp_sp_tokens_LBTPDeberta_u5_6_classes.pt"}