{
  "0": {
    "precision": 0.0,
    "recall": 0.0,
    "f1-score": 0.0,
    "support": 3.0
  },
  "1": {
    "precision": 0.375,
    "recall": 0.375,
    "f1-score": 0.375,
    "support": 8.0
  },
  "2": {
    "precision": 0.0,
    "recall": 0.0,
    "f1-score": 0.0,
    "support": 10.0
  },
  "3": {
    "precision": 0.38235294117647056,
    "recall": 0.26,
    "f1-score": 0.30952380952380953,
    "support": 50.0
  },
  "4": {
    "precision": 0.0,
    "recall": 0.0,
    "f1-score": 0.0,
    "support": 0.0
  },
  "5": {
    "precision": 0.0,
    "recall": 0.0,
    "f1-score": 0.0,
    "support": 0.0
  },
  "6": {
    "precision": 0.0,
    "recall": 0.0,
    "f1-score": 0.0,
    "support": 1.0
  },
  "7": {
    "precision": 0.19696969696969696,
    "recall": 0.16049382716049382,
    "f1-score": 0.1768707482993197,
    "support": 81.0
  },
  "8": {
    "precision": 0.2,
    "recall": 0.08333333333333333,
    "f1-score": 0.11764705882352941,
    "support": 12.0
  },
  "9": {
    "precision": 0.04,
    "recall": 0.4,
    "f1-score": 0.07272727272727272,
    "support": 5.0
  },
  "10": {
    "precision": 0.09090909090909091,
    "recall": 1.0,
    "f1-score": 0.16666666666666669,
    "support": 1.0
  },
  "11": {
    "precision": 0.2222222222222222,
    "recall": 0.07407407407407407,
    "f1-score": 0.1111111111111111,
    "support": 27.0
  },
  "12": {
    "precision": 0.4777777777777778,
    "recall": 0.4215686274509804,
    "f1-score": 0.44791666666666663,
    "support": 102.0
  },
  "14": {
    "precision": 0.5555555555555556,
    "recall": 0.3333333333333333,
    "f1-score": 0.4166666666666667,
    "support": 15.0
  },
  "15": {
    "precision": 0.0,
    "recall": 0.0,
    "f1-score": 0.0,
    "support": 8.0
  },
  "16": {
    "precision": 0.0,
    "recall": 0.0,
    "f1-score": 0.0,
    "support": 0.0
  },
  "17": {
    "precision": 0.0,
    "recall": 0.0,
    "f1-score": 0.0,
    "support": 0.0
  },
  "18": {
    "precision": 0.38461538461538464,
    "recall": 0.16666666666666666,
    "f1-score": 0.2325581395348837,
    "support": 30.0
  },
  "19": {
    "precision": 0.10909090909090909,
    "recall": 0.16666666666666666,
    "f1-score": 0.13186813186813187,
    "support": 36.0
  },
  "20": {
    "precision": 0.0,
    "recall": 0.0,
    "f1-score": 0.0,
    "support": 0.0
  },
  "21": {
    "precision": 0.16666666666666666,
    "recall": 0.2857142857142857,
    "f1-score": 0.2105263157894737,
    "support": 14.0
  },
  "22": {
    "precision": 0.16666666666666666,
    "recall": 0.16666666666666666,
    "f1-score": 0.16666666666666666,
    "support": 6.0
  },
  "23": {
    "precision": 0.42105263157894735,
    "recall": 0.47058823529411764,
    "f1-score": 0.4444444444444444,
    "support": 17.0
  },
  "24": {
    "precision": 0.0,
    "recall": 0.0,
    "f1-score": 0.0,
    "support": 0.0
  },
  "25": {
    "precision": 0.19230769230769232,
    "recall": 0.19230769230769232,
    "f1-score": 0.19230769230769232,
    "support": 26.0
  },
  "26": {
    "precision": 0.07142857142857142,
    "recall": 0.5,
    "f1-score": 0.125,
    "support": 2.0
  },
  "27": {
    "precision": 0.1111111111111111,
    "recall": 0.17647058823529413,
    "f1-score": 0.13636363636363638,
    "support": 17.0
  },
  "28": {
    "precision": 0.3148148148148148,
    "recall": 0.2786885245901639,
    "f1-score": 0.2956521739130435,
    "support": 61.0
  },
  "29": {
    "precision": 0.36363636363636365,
    "recall": 0.48,
    "f1-score": 0.41379310344827586,
    "support": 25.0
  },
  "31": {
    "precision": 0.10526315789473684,
    "recall": 0.14285714285714285,
    "f1-score": 0.12121212121212122,
    "support": 14.0
  },
  "32": {
    "precision": 0.09090909090909091,
    "recall": 0.5,
    "f1-score": 0.15384615384615385,
    "support": 2.0
  },
  "33": {
    "precision": 0.18181818181818182,
    "recall": 0.15384615384615385,
    "f1-score": 0.16666666666666669,
    "support": 13.0
  },
  "34": {
    "precision": 0.3333333333333333,
    "recall": 0.07692307692307693,
    "f1-score": 0.125,
    "support": 13.0
  },
  "35": {
    "precision": 0.0,
    "recall": 0.0,
    "f1-score": 0.0,
    "support": 0.0
  },
  "36": {
    "precision": 0.4117647058823529,
    "recall": 0.06930693069306931,
    "f1-score": 0.11864406779661019,
    "support": 101.0
  },
  "37": {
    "precision": 0.0,
    "recall": 0.0,
    "f1-score": 0.0,
    "support": 4.0
  },
  "38": {
    "precision": 0.0,
    "recall": 0.0,
    "f1-score": 0.0,
    "support": 0.0
  },
  "39": {
    "precision": 0.0,
    "recall": 0.0,
    "f1-score": 0.0,
    "support": 0.0
  },
  "40": {
    "precision": 0.03333333333333333,
    "recall": 0.06666666666666667,
    "f1-score": 0.04444444444444444,
    "support": 15.0
  },
  "41": {
    "precision": 0.0,
    "recall": 0.0,
    "f1-score": 0.0,
    "support": 16.0
  },
  "42": {
    "precision": 0.0,
    "recall": 0.0,
    "f1-score": 0.0,
    "support": 5.0
  },
  "accuracy": 0.21486486486486486,
  "macro avg": {
    "precision": 0.14630731462680416,
    "recall": 0.1707603046946312,
    "f1-score": 0.128612774604568,
    "support": 740.0
  },
  "weighted avg": {
    "precision": 0.291288914617088,
    "recall": 0.21486486486486486,
    "f1-score": 0.22608519990954806,
    "support": 740.0
  },
  "top3_acc": 0.45,
  "top5_acc": 0.6081081081081081,
  "top10_acc": 0.7797297297297298,
  "run_name": "cnn_roberta-base_u3_42_classes_seed42",
  "model_location": "/work/disa_lab/projects/triagerx/models/openj9/cnn_roberta-base_u3_42_classes_seed42.pt"
}