{
  "1": {
    "precision": 0.0,
    "recall": 0.0,
    "f1-score": 0.0,
    "support": 1.0
  },
  "2": {
    "precision": 0.0,
    "recall": 0.0,
    "f1-score": 0.0,
    "support": 18.0
  },
  "3": {
    "precision": 0.0,
    "recall": 0.0,
    "f1-score": 0.0,
    "support": 0.0
  },
  "4": {
    "precision": 0.0,
    "recall": 0.0,
    "f1-score": 0.0,
    "support": 2.0
  },
  "5": {
    "precision": 0.0,
    "recall": 0.0,
    "f1-score": 0.0,
    "support": 6.0
  },
  "6": {
    "precision": 0.0,
    "recall": 0.0,
    "f1-score": 0.0,
    "support": 0.0
  },
  "7": {
    "precision": 0.0,
    "recall": 0.0,
    "f1-score": 0.0,
    "support": 1.0
  },
  "8": {
    "precision": 0.6341463414634146,
    "recall": 0.4406779661016949,
    "f1-score": 0.52,
    "support": 59.0
  },
  "9": {
    "precision": 0.07142857142857142,
    "recall": 0.1111111111111111,
    "f1-score": 0.08695652173913043,
    "support": 9.0
  },
  "10": {
    "precision": 0.3333333333333333,
    "recall": 0.4166666666666667,
    "f1-score": 0.3703703703703704,
    "support": 12.0
  },
  "11": {
    "precision": 0.75,
    "recall": 0.2727272727272727,
    "f1-score": 0.39999999999999997,
    "support": 11.0
  },
  "12": {
    "precision": 0.0,
    "recall": 0.0,
    "f1-score": 0.0,
    "support": 0.0
  },
  "13": {
    "precision": 0.0,
    "recall": 0.0,
    "f1-score": 0.0,
    "support": 0.0
  },
  "14": {
    "precision": 0.0,
    "recall": 0.0,
    "f1-score": 0.0,
    "support": 4.0
  },
  "15": {
    "precision": 0.0,
    "recall": 0.0,
    "f1-score": 0.0,
    "support": 0.0
  },
  "16": {
    "precision": 0.0,
    "recall": 0.0,
    "f1-score": 0.0,
    "support": 0.0
  },
  "17": {
    "precision": 0.25,
    "recall": 0.08333333333333333,
    "f1-score": 0.125,
    "support": 12.0
  },
  "18": {
    "precision": 0.0,
    "recall": 0.0,
    "f1-score": 0.0,
    "support": 0.0
  },
  "19": {
    "precision": 0.125,
    "recall": 0.11764705882352941,
    "f1-score": 0.12121212121212122,
    "support": 17.0
  },
  "20": {
    "precision": 0.0,
    "recall": 0.0,
    "f1-score": 0.0,
    "support": 0.0
  },
  "21": {
    "precision": 0.0,
    "recall": 0.0,
    "f1-score": 0.0,
    "support": 5.0
  },
  "22": {
    "precision": 0.25,
    "recall": 0.5,
    "f1-score": 0.3333333333333333,
    "support": 2.0
  },
  "23": {
    "precision": 0.25,
    "recall": 0.25,
    "f1-score": 0.25,
    "support": 4.0
  },
  "24": {
    "precision": 0.0,
    "recall": 0.0,
    "f1-score": 0.0,
    "support": 0.0
  },
  "25": {
    "precision": 0.0,
    "recall": 0.0,
    "f1-score": 0.0,
    "support": 18.0
  },
  "27": {
    "precision": 0.24242424242424243,
    "recall": 0.15384615384615385,
    "f1-score": 0.18823529411764706,
    "support": 52.0
  },
  "28": {
    "precision": 0.0,
    "recall": 0.0,
    "f1-score": 0.0,
    "support": 0.0
  },
  "29": {
    "precision": 0.08333333333333333,
    "recall": 0.125,
    "f1-score": 0.1,
    "support": 8.0
  },
  "30": {
    "precision": 0.5,
    "recall": 0.1282051282051282,
    "f1-score": 0.2040816326530612,
    "support": 39.0
  },
  "31": {
    "precision": 0.26666666666666666,
    "recall": 0.3333333333333333,
    "f1-score": 0.2962962962962963,
    "support": 12.0
  },
  "32": {
    "precision": 0.07692307692307693,
    "recall": 0.4,
    "f1-score": 0.12903225806451613,
    "support": 5.0
  },
  "33": {
    "precision": 0.0,
    "recall": 0.0,
    "f1-score": 0.0,
    "support": 0.0
  },
  "34": {
    "precision": 0.0,
    "recall": 0.0,
    "f1-score": 0.0,
    "support": 14.0
  },
  "35": {
    "precision": 0.0,
    "recall": 0.0,
    "f1-score": 0.0,
    "support": 2.0
  },
  "36": {
    "precision": 0.0,
    "recall": 0.0,
    "f1-score": 0.0,
    "support": 0.0
  },
  "37": {
    "precision": 0.0,
    "recall": 0.0,
    "f1-score": 0.0,
    "support": 0.0
  },
  "38": {
    "precision": 0.06666666666666667,
    "recall": 0.2,
    "f1-score": 0.1,
    "support": 5.0
  },
  "39": {
    "precision": 0.3333333333333333,
    "recall": 0.1111111111111111,
    "f1-score": 0.16666666666666666,
    "support": 9.0
  },
  "40": {
    "precision": 0.0,
    "recall": 0.0,
    "f1-score": 0.0,
    "support": 0.0
  },
  "41": {
    "precision": 1.0,
    "recall": 0.03571428571428571,
    "f1-score": 0.0689655172413793,
    "support": 28.0
  },
  "42": {
    "precision": 0.0,
    "recall": 0.0,
    "f1-score": 0.0,
    "support": 4.0
  },
  "43": {
    "precision": 0.0,
    "recall": 0.0,
    "f1-score": 0.0,
    "support": 0.0
  },
  "44": {
    "precision": 0.0,
    "recall": 0.0,
    "f1-score": 0.0,
    "support": 2.0
  },
  "45": {
    "precision": 0.0,
    "recall": 0.0,
    "f1-score": 0.0,
    "support": 6.0
  },
  "46": {
    "precision": 0.0,
    "recall": 0.0,
    "f1-score": 0.0,
    "support": 2.0
  },
  "47": {
    "precision": 0.2857142857142857,
    "recall": 0.16666666666666666,
    "f1-score": 0.2105263157894737,
    "support": 12.0
  },
  "49": {
    "precision": 0.0,
    "recall": 0.0,
    "f1-score": 0.0,
    "support": 1.0
  },
  "accuracy": 0.17015706806282724,
  "macro avg": {
    "precision": 0.11742489045291328,
    "recall": 0.0818306401625593,
    "f1-score": 0.07809949632944672,
    "support": 382.0
  },
  "weighted avg": {
    "precision": 0.33521397567656025,
    "recall": 0.17015706806282724,
    "f1-score": 0.19565395799232152,
    "support": 382.0
  },
  "top3_acc": 0.3743455497382199,
  "top5_acc": 0.5026178010471204,
  "top10_acc": 0.675392670157068,
  "top20_acc": 0.8534031413612565,
  "run_name": "cnn_deberta-large-full_u3_50_classes_last_dev_seed42",
  "model_location": "/work/disa_lab/projects/triagerx/models/openj9/cnn_deberta-large-full_u3_50_classes_last_dev_seed42.pt"
}