{
  "0": {
    "precision": 0.0,
    "recall": 0.0,
    "f1-score": 0.0,
    "support": 2.0
  },
  "1": {
    "precision": 0.1,
    "recall": 0.125,
    "f1-score": 0.11111111111111112,
    "support": 8.0
  },
  "2": {
    "precision": 0.0,
    "recall": 0.0,
    "f1-score": 0.0,
    "support": 9.0
  },
  "3": {
    "precision": 0.4117647058823529,
    "recall": 0.28,
    "f1-score": 0.3333333333333333,
    "support": 50.0
  },
  "4": {
    "precision": 0.0,
    "recall": 0.0,
    "f1-score": 0.0,
    "support": 0.0
  },
  "5": {
    "precision": 0.0,
    "recall": 0.0,
    "f1-score": 0.0,
    "support": 0.0
  },
  "6": {
    "precision": 0.0,
    "recall": 0.0,
    "f1-score": 0.0,
    "support": 1.0
  },
  "7": {
    "precision": 0.23636363636363636,
    "recall": 0.16455696202531644,
    "f1-score": 0.19402985074626866,
    "support": 79.0
  },
  "8": {
    "precision": 0.2,
    "recall": 0.08333333333333333,
    "f1-score": 0.11764705882352941,
    "support": 12.0
  },
  "9": {
    "precision": 0.043478260869565216,
    "recall": 0.3333333333333333,
    "f1-score": 0.07692307692307691,
    "support": 6.0
  },
  "10": {
    "precision": 0.16666666666666666,
    "recall": 1.0,
    "f1-score": 0.2857142857142857,
    "support": 1.0
  },
  "11": {
    "precision": 0.23076923076923078,
    "recall": 0.1111111111111111,
    "f1-score": 0.15,
    "support": 27.0
  },
  "12": {
    "precision": 0.5208333333333334,
    "recall": 0.47619047619047616,
    "f1-score": 0.4975124378109453,
    "support": 105.0
  },
  "13": {
    "precision": 0.8333333333333334,
    "recall": 0.3125,
    "f1-score": 0.45454545454545453,
    "support": 16.0
  },
  "14": {
    "precision": 0.3333333333333333,
    "recall": 0.25,
    "f1-score": 0.28571428571428575,
    "support": 8.0
  },
  "15": {
    "precision": 0.0,
    "recall": 0.0,
    "f1-score": 0.0,
    "support": 0.0
  },
  "16": {
    "precision": 0.0,
    "recall": 0.0,
    "f1-score": 0.0,
    "support": 0.0
  },
  "17": {
    "precision": 0.3333333333333333,
    "recall": 0.1111111111111111,
    "f1-score": 0.16666666666666666,
    "support": 27.0
  },
  "18": {
    "precision": 0.1111111111111111,
    "recall": 0.1875,
    "f1-score": 0.13953488372093023,
    "support": 32.0
  },
  "19": {
    "precision": 0.0,
    "recall": 0.0,
    "f1-score": 0.0,
    "support": 0.0
  },
  "20": {
    "precision": 0.2631578947368421,
    "recall": 0.35714285714285715,
    "f1-score": 0.30303030303030304,
    "support": 14.0
  },
  "21": {
    "precision": 0.2857142857142857,
    "recall": 0.3333333333333333,
    "f1-score": 0.30769230769230765,
    "support": 18.0
  },
  "23": {
    "precision": 0.18181818181818182,
    "recall": 0.14285714285714285,
    "f1-score": 0.16,
    "support": 28.0
  },
  "24": {
    "precision": 0.06666666666666667,
    "recall": 0.5,
    "f1-score": 0.11764705882352941,
    "support": 2.0
  },
  "25": {
    "precision": 0.1111111111111111,
    "recall": 0.125,
    "f1-score": 0.11764705882352941,
    "support": 16.0
  },
  "26": {
    "precision": 0.3877551020408163,
    "recall": 0.3275862068965517,
    "f1-score": 0.35514018691588783,
    "support": 58.0
  },
  "27": {
    "precision": 0.28888888888888886,
    "recall": 0.52,
    "f1-score": 0.3714285714285714,
    "support": 25.0
  },
  "29": {
    "precision": 0.043478260869565216,
    "recall": 0.07692307692307693,
    "f1-score": 0.05555555555555555,
    "support": 13.0
  },
  "30": {
    "precision": 0.16666666666666666,
    "recall": 1.0,
    "f1-score": 0.2857142857142857,
    "support": 2.0
  },
  "31": {
    "precision": 0.13333333333333333,
    "recall": 0.15384615384615385,
    "f1-score": 0.14285714285714288,
    "support": 13.0
  },
  "32": {
    "precision": 0.0,
    "recall": 0.0,
    "f1-score": 0.0,
    "support": 13.0
  },
  "33": {
    "precision": 0.0,
    "recall": 0.0,
    "f1-score": 0.0,
    "support": 0.0
  },
  "34": {
    "precision": 0.45454545454545453,
    "recall": 0.10204081632653061,
    "f1-score": 0.16666666666666669,
    "support": 98.0
  },
  "35": {
    "precision": 0.0,
    "recall": 0.0,
    "f1-score": 0.0,
    "support": 4.0
  },
  "36": {
    "precision": 0.0,
    "recall": 0.0,
    "f1-score": 0.0,
    "support": 0.0
  },
  "37": {
    "precision": 0.0,
    "recall": 0.0,
    "f1-score": 0.0,
    "support": 0.0
  },
  "38": {
    "precision": 0.02564102564102564,
    "recall": 0.0625,
    "f1-score": 0.03636363636363637,
    "support": 16.0
  },
  "39": {
    "precision": 0.0,
    "recall": 0.0,
    "f1-score": 0.0,
    "support": 18.0
  },
  "40": {
    "precision": 0.0,
    "recall": 0.0,
    "f1-score": 0.0,
    "support": 5.0
  },
  "accuracy": 0.23002754820936638,
  "macro avg": {
    "precision": 0.15204522607765983,
    "recall": 0.18297092088282893,
    "f1-score": 0.13416603125593085,
    "support": 726.0
  },
  "weighted avg": {
    "precision": 0.31059369781063145,
    "recall": 0.23002754820936638,
    "f1-score": 0.24267715999696518,
    "support": 726.0
  },
  "top3_acc": 0.4724517906336088,
  "top5_acc": 0.6157024793388429,
  "top10_acc": 0.778236914600551,
  "run_name": "cnn_roberta-base_u3_42_classes_most_seed42",
  "model_location": "/work/disa_lab/projects/triagerx/models/openj9/cnn_roberta-base_u3_42_classes_most_seed42.pt"
}