{
  "0": {
    "precision": 0.0,
    "recall": 0.0,
    "f1-score": 0.0,
    "support": 0.0
  },
  "1": {
    "precision": 0.0,
    "recall": 0.0,
    "f1-score": 0.0,
    "support": 1.0
  },
  "2": {
    "precision": 0.0,
    "recall": 0.0,
    "f1-score": 0.0,
    "support": 18.0
  },
  "3": {
    "precision": 0.0,
    "recall": 0.0,
    "f1-score": 0.0,
    "support": 0.0
  },
  "4": {
    "precision": 0.3333333333333333,
    "recall": 0.5,
    "f1-score": 0.4,
    "support": 2.0
  },
  "5": {
    "precision": 0.0,
    "recall": 0.0,
    "f1-score": 0.0,
    "support": 6.0
  },
  "6": {
    "precision": 0.0,
    "recall": 0.0,
    "f1-score": 0.0,
    "support": 0.0
  },
  "7": {
    "precision": 0.0,
    "recall": 0.0,
    "f1-score": 0.0,
    "support": 1.0
  },
  "8": {
    "precision": 0.36507936507936506,
    "recall": 0.3898305084745763,
    "f1-score": 0.3770491803278688,
    "support": 59.0
  },
  "9": {
    "precision": 0.10526315789473684,
    "recall": 0.2222222222222222,
    "f1-score": 0.14285714285714285,
    "support": 9.0
  },
  "10": {
    "precision": 0.3181818181818182,
    "recall": 0.5833333333333334,
    "f1-score": 0.4117647058823529,
    "support": 12.0
  },
  "11": {
    "precision": 0.6666666666666666,
    "recall": 0.36363636363636365,
    "f1-score": 0.4705882352941177,
    "support": 11.0
  },
  "12": {
    "precision": 0.0,
    "recall": 0.0,
    "f1-score": 0.0,
    "support": 0.0
  },
  "14": {
    "precision": 0.25,
    "recall": 0.25,
    "f1-score": 0.25,
    "support": 4.0
  },
  "15": {
    "precision": 0.0,
    "recall": 0.0,
    "f1-score": 0.0,
    "support": 0.0
  },
  "16": {
    "precision": 0.0,
    "recall": 0.0,
    "f1-score": 0.0,
    "support": 0.0
  },
  "17": {
    "precision": 0.1875,
    "recall": 0.25,
    "f1-score": 0.21428571428571427,
    "support": 12.0
  },
  "18": {
    "precision": 0.0,
    "recall": 0.0,
    "f1-score": 0.0,
    "support": 0.0
  },
  "19": {
    "precision": 0.0,
    "recall": 0.0,
    "f1-score": 0.0,
    "support": 17.0
  },
  "20": {
    "precision": 0.0,
    "recall": 0.0,
    "f1-score": 0.0,
    "support": 0.0
  },
  "21": {
    "precision": 0.2,
    "recall": 0.2,
    "f1-score": 0.20000000000000004,
    "support": 5.0
  },
  "22": {
    "precision": 0.0,
    "recall": 0.0,
    "f1-score": 0.0,
    "support": 2.0
  },
  "23": {
    "precision": 0.125,
    "recall": 0.5,
    "f1-score": 0.2,
    "support": 4.0
  },
  "24": {
    "precision": 0.0,
    "recall": 0.0,
    "f1-score": 0.0,
    "support": 0.0
  },
  "25": {
    "precision": 0.08695652173913043,
    "recall": 0.1111111111111111,
    "f1-score": 0.0975609756097561,
    "support": 18.0
  },
  "26": {
    "precision": 0.0,
    "recall": 0.0,
    "f1-score": 0.0,
    "support": 0.0
  },
  "27": {
    "precision": 0.375,
    "recall": 0.11538461538461539,
    "f1-score": 0.1764705882352941,
    "support": 52.0
  },
  "28": {
    "precision": 0.0,
    "recall": 0.0,
    "f1-score": 0.0,
    "support": 0.0
  },
  "29": {
    "precision": 0.037037037037037035,
    "recall": 0.125,
    "f1-score": 0.05714285714285714,
    "support": 8.0
  },
  "30": {
    "precision": 0.6428571428571429,
    "recall": 0.23076923076923078,
    "f1-score": 0.339622641509434,
    "support": 39.0
  },
  "31": {
    "precision": 0.3157894736842105,
    "recall": 0.5,
    "f1-score": 0.3870967741935484,
    "support": 12.0
  },
  "32": {
    "precision": 0.2857142857142857,
    "recall": 0.4,
    "f1-score": 0.3333333333333333,
    "support": 5.0
  },
  "34": {
    "precision": 0.0,
    "recall": 0.0,
    "f1-score": 0.0,
    "support": 14.0
  },
  "35": {
    "precision": 0.0625,
    "recall": 0.5,
    "f1-score": 0.1111111111111111,
    "support": 2.0
  },
  "36": {
    "precision": 0.0,
    "recall": 0.0,
    "f1-score": 0.0,
    "support": 0.0
  },
  "37": {
    "precision": 0.0,
    "recall": 0.0,
    "f1-score": 0.0,
    "support": 0.0
  },
  "38": {
    "precision": 0.0,
    "recall": 0.0,
    "f1-score": 0.0,
    "support": 5.0
  },
  "39": {
    "precision": 0.0,
    "recall": 0.0,
    "f1-score": 0.0,
    "support": 9.0
  },
  "40": {
    "precision": 0.0,
    "recall": 0.0,
    "f1-score": 0.0,
    "support": 0.0
  },
  "41": {
    "precision": 0.0,
    "recall": 0.0,
    "f1-score": 0.0,
    "support": 28.0
  },
  "42": {
    "precision": 0.0,
    "recall": 0.0,
    "f1-score": 0.0,
    "support": 4.0
  },
  "43": {
    "precision": 0.0,
    "recall": 0.0,
    "f1-score": 0.0,
    "support": 0.0
  },
  "44": {
    "precision": 0.0,
    "recall": 0.0,
    "f1-score": 0.0,
    "support": 2.0
  },
  "45": {
    "precision": 0.0,
    "recall": 0.0,
    "f1-score": 0.0,
    "support": 6.0
  },
  "46": {
    "precision": 0.07142857142857142,
    "recall": 0.5,
    "f1-score": 0.125,
    "support": 2.0
  },
  "47": {
    "precision": 0.0,
    "recall": 0.0,
    "f1-score": 0.0,
    "support": 12.0
  },
  "48": {
    "precision": 0.0,
    "recall": 0.0,
    "f1-score": 0.0,
    "support": 0.0
  },
  "49": {
    "precision": 0.16666666666666666,
    "recall": 1.0,
    "f1-score": 0.2857142857142857,
    "support": 1.0
  },
  "accuracy": 0.19109947643979058,
  "macro avg": {
    "precision": 0.09572862583922843,
    "recall": 0.14044348718607194,
    "f1-score": 0.09540828219785034,
    "support": 382.0
  },
  "weighted avg": {
    "precision": 0.2385883349744816,
    "recall": 0.19109947643979058,
    "f1-score": 0.1872393980247594,
    "support": 382.0
  },
  "top3_acc": 0.418848167539267,
  "top5_acc": 0.5863874345549738,
  "top10_acc": 0.743455497382199,
  "top20_acc": 0.8900523560209425,
  "run_name": "auto_openj9_fcn_roberta-large-full_50classes_seed42",
  "model_location": "/work/disa_lab/projects/triagerx/models/openj9/auto_openj9_fcn_roberta-large-full_50classes_seed42.pt"
}