{
  "1": {
    "precision": 0.0,
    "recall": 0.0,
    "f1-score": 0.0,
    "support": 1.0
  },
  "2": {
    "precision": 0.3333333333333333,
    "recall": 0.1111111111111111,
    "f1-score": 0.16666666666666666,
    "support": 18.0
  },
  "3": {
    "precision": 0.0,
    "recall": 0.0,
    "f1-score": 0.0,
    "support": 0.0
  },
  "4": {
    "precision": 0.2,
    "recall": 0.5,
    "f1-score": 0.28571428571428575,
    "support": 2.0
  },
  "5": {
    "precision": 0.0,
    "recall": 0.0,
    "f1-score": 0.0,
    "support": 6.0
  },
  "7": {
    "precision": 0.0,
    "recall": 0.0,
    "f1-score": 0.0,
    "support": 1.0
  },
  "8": {
    "precision": 0.46153846153846156,
    "recall": 0.5084745762711864,
    "f1-score": 0.4838709677419355,
    "support": 59.0
  },
  "9": {
    "precision": 0.0625,
    "recall": 0.1111111111111111,
    "f1-score": 0.08,
    "support": 9.0
  },
  "10": {
    "precision": 0.6,
    "recall": 0.75,
    "f1-score": 0.6666666666666665,
    "support": 12.0
  },
  "11": {
    "precision": 0.6666666666666666,
    "recall": 0.18181818181818182,
    "f1-score": 0.28571428571428575,
    "support": 11.0
  },
  "13": {
    "precision": 0.0,
    "recall": 0.0,
    "f1-score": 0.0,
    "support": 0.0
  },
  "14": {
    "precision": 1.0,
    "recall": 0.25,
    "f1-score": 0.4,
    "support": 4.0
  },
  "15": {
    "precision": 0.0,
    "recall": 0.0,
    "f1-score": 0.0,
    "support": 0.0
  },
  "17": {
    "precision": 0.42857142857142855,
    "recall": 0.25,
    "f1-score": 0.3157894736842105,
    "support": 12.0
  },
  "19": {
    "precision": 0.1111111111111111,
    "recall": 0.11764705882352941,
    "f1-score": 0.11428571428571428,
    "support": 17.0
  },
  "20": {
    "precision": 0.0,
    "recall": 0.0,
    "f1-score": 0.0,
    "support": 0.0
  },
  "21": {
    "precision": 0.125,
    "recall": 0.2,
    "f1-score": 0.15384615384615385,
    "support": 5.0
  },
  "22": {
    "precision": 0.0,
    "recall": 0.0,
    "f1-score": 0.0,
    "support": 2.0
  },
  "23": {
    "precision": 0.2,
    "recall": 0.5,
    "f1-score": 0.28571428571428575,
    "support": 4.0
  },
  "24": {
    "precision": 0.0,
    "recall": 0.0,
    "f1-score": 0.0,
    "support": 0.0
  },
  "25": {
    "precision": 0.21052631578947367,
    "recall": 0.2222222222222222,
    "f1-score": 0.21621621621621623,
    "support": 18.0
  },
  "27": {
    "precision": 0.2702702702702703,
    "recall": 0.19230769230769232,
    "f1-score": 0.22471910112359553,
    "support": 52.0
  },
  "29": {
    "precision": 0.16666666666666666,
    "recall": 0.125,
    "f1-score": 0.14285714285714288,
    "support": 8.0
  },
  "30": {
    "precision": 0.5151515151515151,
    "recall": 0.4358974358974359,
    "f1-score": 0.4722222222222222,
    "support": 39.0
  },
  "31": {
    "precision": 0.35294117647058826,
    "recall": 0.5,
    "f1-score": 0.41379310344827586,
    "support": 12.0
  },
  "32": {
    "precision": 0.0,
    "recall": 0.0,
    "f1-score": 0.0,
    "support": 5.0
  },
  "34": {
    "precision": 0.0,
    "recall": 0.0,
    "f1-score": 0.0,
    "support": 14.0
  },
  "35": {
    "precision": 0.08333333333333333,
    "recall": 0.5,
    "f1-score": 0.14285714285714285,
    "support": 2.0
  },
  "36": {
    "precision": 0.0,
    "recall": 0.0,
    "f1-score": 0.0,
    "support": 0.0
  },
  "37": {
    "precision": 0.0,
    "recall": 0.0,
    "f1-score": 0.0,
    "support": 0.0
  },
  "38": {
    "precision": 0.18181818181818182,
    "recall": 0.4,
    "f1-score": 0.25000000000000006,
    "support": 5.0
  },
  "39": {
    "precision": 0.0,
    "recall": 0.0,
    "f1-score": 0.0,
    "support": 9.0
  },
  "40": {
    "precision": 0.0,
    "recall": 0.0,
    "f1-score": 0.0,
    "support": 0.0
  },
  "41": {
    "precision": 0.25806451612903225,
    "recall": 0.2857142857142857,
    "f1-score": 0.2711864406779661,
    "support": 28.0
  },
  "42": {
    "precision": 0.0,
    "recall": 0.0,
    "f1-score": 0.0,
    "support": 4.0
  },
  "44": {
    "precision": 0.0,
    "recall": 0.0,
    "f1-score": 0.0,
    "support": 2.0
  },
  "45": {
    "precision": 0.0,
    "recall": 0.0,
    "f1-score": 0.0,
    "support": 6.0
  },
  "46": {
    "precision": 0.0,
    "recall": 0.0,
    "f1-score": 0.0,
    "support": 2.0
  },
  "47": {
    "precision": 0.0,
    "recall": 0.0,
    "f1-score": 0.0,
    "support": 12.0
  },
  "49": {
    "precision": 0.0,
    "recall": 0.0,
    "f1-score": 0.0,
    "support": 1.0
  },
  "accuracy": 0.2696335078534031,
  "macro avg": {
    "precision": 0.15568732442125155,
    "recall": 0.1535325918819189,
    "f1-score": 0.13430299673591914,
    "support": 382.0
  },
  "weighted avg": {
    "precision": 0.2957800442496679,
    "recall": 0.2696335078534031,
    "f1-score": 0.2682155821364785,
    "support": 382.0
  },
  "top3_acc": 0.4581151832460733,
  "top5_acc": 0.5942408376963351,
  "top10_acc": 0.7460732984293194,
  "top20_acc": 0.9083769633507853,
  "run_name": "openj9_triagerx_ensemble_u3_50_classes_last_dev_seed42",
  "model_location": "/work/disa_lab/projects/triagerx/models/openj9/openj9_triagerx_ensemble_u3_50_classes_last_dev_seed42.pt"
}