{"0": {"precision": 0.7808219178082192, "recall": 0.7307692307692307, "f1-score": 0.7549668874172185, "support": 78.0}, "1": {"precision": 0.5161290322580645, "recall": 0.43243243243243246, "f1-score": 0.47058823529411764, "support": 37.0}, "2": {"precision": 1.0, "recall": 0.125, "f1-score": 0.2222222222222222, "support": 8.0}, "3": {"precision": 1.0, "recall": 0.5714285714285714, "f1-score": 0.7272727272727273, "support": 7.0}, "4": {"precision": 0.6422764227642277, "recall": 0.7314814814814815, "f1-score": 0.683982683982684, "support": 108.0}, "5": {"precision": 0.8575129533678757, "recall": 0.8710526315789474, "f1-score": 0.8642297650130548, "support": 380.0}, "accuracy": 0.7896440129449838, "macro avg": {"precision": 0.7994567210330645, "recall": 0.5770273912817773, "f1-score": 0.6205437535336707, "support": 618.0}, "weighted avg": {"precision": 0.7932389315872473, "recall": 0.7896440129449838, "f1-score": 0.7855102093336618, "support": 618.0}, "test_accuracy": 0.7896440129449838, "run_name": "comp_sp_tokens_LBTPDeberta_u5_6_classes_seed42", "model_location": "/work/disa_lab/projects/triagerx/models/comp_sp_tokens_LBTPDeberta_u5_6_classes.pt"}