{
  "0": {
    "precision": 0.3707865168539326,
    "recall": 0.375,
    "f1-score": 0.3728813559322034,
    "support": 88.0
  },
  "1": {
    "precision": 0.3645833333333333,
    "recall": 0.33980582524271846,
    "f1-score": 0.3517587939698492,
    "support": 103.0
  },
  "2": {
    "precision": 0.0,
    "recall": 0.0,
    "f1-score": 0.0,
    "support": 0.0
  },
  "3": {
    "precision": 0.0,
    "recall": 0.0,
    "f1-score": 0.0,
    "support": 0.0
  },
  "4": {
    "precision": 0.4215686274509804,
    "recall": 0.41148325358851673,
    "f1-score": 0.41646489104116224,
    "support": 209.0
  },
  "5": {
    "precision": 0.4339622641509434,
    "recall": 0.4423076923076923,
    "f1-score": 0.4380952380952381,
    "support": 104.0
  },
  "7": {
    "precision": 0.0,
    "recall": 0.0,
    "f1-score": 0.0,
    "support": 4.0
  },
  "9": {
    "precision": 0.0,
    "recall": 0.0,
    "f1-score": 0.0,
    "support": 0.0
  },
  "10": {
    "precision": 0.18181818181818182,
    "recall": 0.21052631578947367,
    "f1-score": 0.1951219512195122,
    "support": 19.0
  },
  "11": {
    "precision": 0.0,
    "recall": 0.0,
    "f1-score": 0.0,
    "support": 24.0
  },
  "12": {
    "precision": 0.0,
    "recall": 0.0,
    "f1-score": 0.0,
    "support": 0.0
  },
  "13": {
    "precision": 0.07692307692307693,
    "recall": 0.08823529411764706,
    "f1-score": 0.0821917808219178,
    "support": 34.0
  },
  "14": {
    "precision": 0.0,
    "recall": 0.0,
    "f1-score": 0.0,
    "support": 5.0
  },
  "15": {
    "precision": 0.0,
    "recall": 0.0,
    "f1-score": 0.0,
    "support": 27.0
  },
  "16": {
    "precision": 0.0,
    "recall": 0.0,
    "f1-score": 0.0,
    "support": 2.0
  },
  "17": {
    "precision": 0.20224719101123595,
    "recall": 0.20689655172413793,
    "f1-score": 0.20454545454545453,
    "support": 87.0
  },
  "18": {
    "precision": 0.0,
    "recall": 0.0,
    "f1-score": 0.0,
    "support": 0.0
  },
  "19": {
    "precision": 0.0,
    "recall": 0.0,
    "f1-score": 0.0,
    "support": 13.0
  },
  "20": {
    "precision": 0.0,
    "recall": 0.0,
    "f1-score": 0.0,
    "support": 0.0
  },
  "21": {
    "precision": 0.0,
    "recall": 0.0,
    "f1-score": 0.0,
    "support": 0.0
  },
  "22": {
    "precision": 0.0,
    "recall": 0.0,
    "f1-score": 0.0,
    "support": 0.0
  },
  "23": {
    "precision": 0.0,
    "recall": 0.0,
    "f1-score": 0.0,
    "support": 0.0
  },
  "25": {
    "precision": 0.21052631578947367,
    "recall": 0.4,
    "f1-score": 0.27586206896551724,
    "support": 20.0
  },
  "26": {
    "precision": 1.0,
    "recall": 0.027777777777777776,
    "f1-score": 0.05405405405405406,
    "support": 36.0
  },
  "27": {
    "precision": 0.0,
    "recall": 0.0,
    "f1-score": 0.0,
    "support": 0.0
  },
  "28": {
    "precision": 0.0,
    "recall": 0.0,
    "f1-score": 0.0,
    "support": 0.0
  },
  "29": {
    "precision": 0.6875,
    "recall": 0.5892857142857143,
    "f1-score": 0.6346153846153846,
    "support": 112.0
  },
  "30": {
    "precision": 0.1,
    "recall": 0.07142857142857142,
    "f1-score": 0.08333333333333333,
    "support": 14.0
  },
  "31": {
    "precision": 0.5142857142857142,
    "recall": 0.36,
    "f1-score": 0.4235294117647058,
    "support": 50.0
  },
  "32": {
    "precision": 0.0,
    "recall": 0.0,
    "f1-score": 0.0,
    "support": 1.0
  },
  "33": {
    "precision": 0.8636363636363636,
    "recall": 0.2714285714285714,
    "f1-score": 0.4130434782608695,
    "support": 70.0
  },
  "35": {
    "precision": 0.0,
    "recall": 0.0,
    "f1-score": 0.0,
    "support": 0.0
  },
  "36": {
    "precision": 0.5217391304347826,
    "recall": 0.2962962962962963,
    "f1-score": 0.3779527559055118,
    "support": 81.0
  },
  "37": {
    "precision": 0.0,
    "recall": 0.0,
    "f1-score": 0.0,
    "support": 0.0
  },
  "38": {
    "precision": 0.0,
    "recall": 0.0,
    "f1-score": 0.0,
    "support": 0.0
  },
  "39": {
    "precision": 0.022222222222222223,
    "recall": 0.0625,
    "f1-score": 0.03278688524590164,
    "support": 16.0
  },
  "accuracy": 0.32439678284182305,
  "macro avg": {
    "precision": 0.16588330383084002,
    "recall": 0.1153603295551977,
    "f1-score": 0.12100657882696152,
    "support": 1119.0
  },
  "weighted avg": {
    "precision": 0.4240236226262141,
    "recall": 0.32439678284182305,
    "f1-score": 0.3457373805045841,
    "support": 1119.0
  },
  "top3_acc": 0.58266309204647,
  "top5_acc": 0.6827524575513851,
  "top10_acc": 0.8123324396782842,
  "top20_acc": 0.9204647006255585,
  "run_name": "ts_triagerx_ensemble_u3_40_classes_last_dev_seed42",
  "model_location": "/work/disa_lab/projects/triagerx/models/typescript/ts_triagerx_ensemble_u3_40_classes_last_dev_seed42.pt"
}