{
  "1": {
    "precision": 0.0,
    "recall": 0.0,
    "f1-score": 0.0,
    "support": 1.0
  },
  "2": {
    "precision": 0.0,
    "recall": 0.0,
    "f1-score": 0.0,
    "support": 18.0
  },
  "4": {
    "precision": 0.5,
    "recall": 0.5,
    "f1-score": 0.5,
    "support": 2.0
  },
  "5": {
    "precision": 0.0,
    "recall": 0.0,
    "f1-score": 0.0,
    "support": 6.0
  },
  "7": {
    "precision": 0.0,
    "recall": 0.0,
    "f1-score": 0.0,
    "support": 1.0
  },
  "8": {
    "precision": 0.31645569620253167,
    "recall": 0.423728813559322,
    "f1-score": 0.36231884057971014,
    "support": 59.0
  },
  "9": {
    "precision": 0.0,
    "recall": 0.0,
    "f1-score": 0.0,
    "support": 9.0
  },
  "10": {
    "precision": 0.625,
    "recall": 0.4166666666666667,
    "f1-score": 0.5,
    "support": 12.0
  },
  "11": {
    "precision": 0.0,
    "recall": 0.0,
    "f1-score": 0.0,
    "support": 11.0
  },
  "14": {
    "precision": 0.0,
    "recall": 0.0,
    "f1-score": 0.0,
    "support": 4.0
  },
  "15": {
    "precision": 0.0,
    "recall": 0.0,
    "f1-score": 0.0,
    "support": 0.0
  },
  "17": {
    "precision": 0.3333333333333333,
    "recall": 0.16666666666666666,
    "f1-score": 0.2222222222222222,
    "support": 12.0
  },
  "19": {
    "precision": 0.0,
    "recall": 0.0,
    "f1-score": 0.0,
    "support": 17.0
  },
  "20": {
    "precision": 0.0,
    "recall": 0.0,
    "f1-score": 0.0,
    "support": 0.0
  },
  "21": {
    "precision": 0.3333333333333333,
    "recall": 0.2,
    "f1-score": 0.25,
    "support": 5.0
  },
  "22": {
    "precision": 0.0,
    "recall": 0.0,
    "f1-score": 0.0,
    "support": 2.0
  },
  "23": {
    "precision": 0.3333333333333333,
    "recall": 0.25,
    "f1-score": 0.28571428571428575,
    "support": 4.0
  },
  "25": {
    "precision": 0.1,
    "recall": 0.05555555555555555,
    "f1-score": 0.07142857142857142,
    "support": 18.0
  },
  "27": {
    "precision": 0.2631578947368421,
    "recall": 0.4807692307692308,
    "f1-score": 0.3401360544217687,
    "support": 52.0
  },
  "29": {
    "precision": 0.0,
    "recall": 0.0,
    "f1-score": 0.0,
    "support": 8.0
  },
  "30": {
    "precision": 0.22727272727272727,
    "recall": 0.2564102564102564,
    "f1-score": 0.24096385542168672,
    "support": 39.0
  },
  "31": {
    "precision": 0.2727272727272727,
    "recall": 0.25,
    "f1-score": 0.2608695652173913,
    "support": 12.0
  },
  "32": {
    "precision": 0.0,
    "recall": 0.0,
    "f1-score": 0.0,
    "support": 5.0
  },
  "34": {
    "precision": 0.2,
    "recall": 0.07142857142857142,
    "f1-score": 0.10526315789473682,
    "support": 14.0
  },
  "35": {
    "precision": 0.0,
    "recall": 0.0,
    "f1-score": 0.0,
    "support": 2.0
  },
  "38": {
    "precision": 0.058823529411764705,
    "recall": 0.2,
    "f1-score": 0.0909090909090909,
    "support": 5.0
  },
  "39": {
    "precision": 0.0,
    "recall": 0.0,
    "f1-score": 0.0,
    "support": 9.0
  },
  "41": {
    "precision": 0.0945945945945946,
    "recall": 0.25,
    "f1-score": 0.1372549019607843,
    "support": 28.0
  },
  "42": {
    "precision": 0.0,
    "recall": 0.0,
    "f1-score": 0.0,
    "support": 4.0
  },
  "44": {
    "precision": 0.0,
    "recall": 0.0,
    "f1-score": 0.0,
    "support": 2.0
  },
  "45": {
    "precision": 0.0,
    "recall": 0.0,
    "f1-score": 0.0,
    "support": 6.0
  },
  "46": {
    "precision": 0.0,
    "recall": 0.0,
    "f1-score": 0.0,
    "support": 2.0
  },
  "47": {
    "precision": 0.0,
    "recall": 0.0,
    "f1-score": 0.0,
    "support": 12.0
  },
  "49": {
    "precision": 0.0,
    "recall": 0.0,
    "f1-score": 0.0,
    "support": 1.0
  },
  "accuracy": 0.21727748691099477,
  "macro avg": {
    "precision": 0.1075891680866392,
    "recall": 0.10356546356047851,
    "f1-score": 0.09903178075794848,
    "support": 382.0
  },
  "weighted avg": {
    "precision": 0.17679116893805305,
    "recall": 0.21727748691099477,
    "f1-score": 0.18510082875235911,
    "support": 382.0
  },
  "top3_acc": 0.45549738219895286,
  "top5_acc": 0.5759162303664922,
  "top10_acc": 0.7198952879581152,
  "top20_acc": 0.8638743455497382,
  "run_name": "openj9_fcn_deberta-large-full_u3_50_classes_last_dev_seed42",
  "model_location": "/work/disa_lab/projects/triagerx/models/openj9/openj9_fcn_deberta-large-full_u3_50_classes_last_dev_seed42.pt"
}