{
  "0": {
    "precision": 0.23225806451612904,
    "recall": 0.4090909090909091,
    "f1-score": 0.29629629629629634,
    "support": 88.0
  },
  "1": {
    "precision": 0.1875,
    "recall": 0.02912621359223301,
    "f1-score": 0.05042016806722689,
    "support": 103.0
  },
  "2": {
    "precision": 0.0,
    "recall": 0.0,
    "f1-score": 0.0,
    "support": 0.0
  },
  "3": {
    "precision": 0.0,
    "recall": 0.0,
    "f1-score": 0.0,
    "support": 0.0
  },
  "4": {
    "precision": 0.3967611336032389,
    "recall": 0.4688995215311005,
    "f1-score": 0.42982456140350883,
    "support": 209.0
  },
  "5": {
    "precision": 0.4430379746835443,
    "recall": 0.33653846153846156,
    "f1-score": 0.3825136612021858,
    "support": 104.0
  },
  "7": {
    "precision": 0.0,
    "recall": 0.0,
    "f1-score": 0.0,
    "support": 4.0
  },
  "10": {
    "precision": 0.2857142857142857,
    "recall": 0.10526315789473684,
    "f1-score": 0.15384615384615385,
    "support": 19.0
  },
  "11": {
    "precision": 0.0,
    "recall": 0.0,
    "f1-score": 0.0,
    "support": 24.0
  },
  "12": {
    "precision": 0.0,
    "recall": 0.0,
    "f1-score": 0.0,
    "support": 0.0
  },
  "13": {
    "precision": 0.2222222222222222,
    "recall": 0.11764705882352941,
    "f1-score": 0.15384615384615383,
    "support": 34.0
  },
  "14": {
    "precision": 0.0,
    "recall": 0.0,
    "f1-score": 0.0,
    "support": 5.0
  },
  "15": {
    "precision": 0.0,
    "recall": 0.0,
    "f1-score": 0.0,
    "support": 27.0
  },
  "16": {
    "precision": 0.0,
    "recall": 0.0,
    "f1-score": 0.0,
    "support": 2.0
  },
  "17": {
    "precision": 0.20224719101123595,
    "recall": 0.20689655172413793,
    "f1-score": 0.20454545454545453,
    "support": 87.0
  },
  "18": {
    "precision": 0.0,
    "recall": 0.0,
    "f1-score": 0.0,
    "support": 0.0
  },
  "19": {
    "precision": 0.0,
    "recall": 0.0,
    "f1-score": 0.0,
    "support": 13.0
  },
  "20": {
    "precision": 0.0,
    "recall": 0.0,
    "f1-score": 0.0,
    "support": 0.0
  },
  "21": {
    "precision": 0.0,
    "recall": 0.0,
    "f1-score": 0.0,
    "support": 0.0
  },
  "22": {
    "precision": 0.0,
    "recall": 0.0,
    "f1-score": 0.0,
    "support": 0.0
  },
  "23": {
    "precision": 0.0,
    "recall": 0.0,
    "f1-score": 0.0,
    "support": 0.0
  },
  "24": {
    "precision": 0.0,
    "recall": 0.0,
    "f1-score": 0.0,
    "support": 0.0
  },
  "25": {
    "precision": 0.14285714285714285,
    "recall": 0.25,
    "f1-score": 0.18181818181818182,
    "support": 20.0
  },
  "26": {
    "precision": 0.15384615384615385,
    "recall": 0.05555555555555555,
    "f1-score": 0.0816326530612245,
    "support": 36.0
  },
  "27": {
    "precision": 0.0,
    "recall": 0.0,
    "f1-score": 0.0,
    "support": 0.0
  },
  "28": {
    "precision": 0.0,
    "recall": 0.0,
    "f1-score": 0.0,
    "support": 0.0
  },
  "29": {
    "precision": 0.819672131147541,
    "recall": 0.44642857142857145,
    "f1-score": 0.5780346820809249,
    "support": 112.0
  },
  "30": {
    "precision": 0.0,
    "recall": 0.0,
    "f1-score": 0.0,
    "support": 14.0
  },
  "31": {
    "precision": 0.3076923076923077,
    "recall": 0.08,
    "f1-score": 0.126984126984127,
    "support": 50.0
  },
  "32": {
    "precision": 0.125,
    "recall": 1.0,
    "f1-score": 0.2222222222222222,
    "support": 1.0
  },
  "33": {
    "precision": 0.6326530612244898,
    "recall": 0.44285714285714284,
    "f1-score": 0.5210084033613446,
    "support": 70.0
  },
  "35": {
    "precision": 0.0,
    "recall": 0.0,
    "f1-score": 0.0,
    "support": 0.0
  },
  "36": {
    "precision": 0.3333333333333333,
    "recall": 0.07407407407407407,
    "f1-score": 0.12121212121212122,
    "support": 81.0
  },
  "37": {
    "precision": 0.0,
    "recall": 0.0,
    "f1-score": 0.0,
    "support": 0.0
  },
  "38": {
    "precision": 0.0,
    "recall": 0.0,
    "f1-score": 0.0,
    "support": 0.0
  },
  "39": {
    "precision": 0.024390243902439025,
    "recall": 0.0625,
    "f1-score": 0.03508771929824562,
    "support": 16.0
  },
  "accuracy": 0.2645218945487042,
  "macro avg": {
    "precision": 0.12525514571539065,
    "recall": 0.11346881161417925,
    "f1-score": 0.09831368220126033,
    "support": 1119.0
  },
  "weighted avg": {
    "precision": 0.34558920931777215,
    "recall": 0.2645218945487042,
    "f1-score": 0.2784343448221337,
    "support": 1119.0
  },
  "top3_acc": 0.5093833780160858,
  "top5_acc": 0.6184092940125112,
  "top10_acc": 0.7944593386952636,
  "top20_acc": 0.9240393208221627,
  "run_name": "ts_fcn_deberta-large_40_classes_last_dev_seed42",
  "model_location": "/work/disa_lab/projects/triagerx/models/typescript/ts_fcn_deberta-large_40_classes_last_dev_seed42.pt"
}