{
  "0": {
    "precision": 0.0,
    "recall": 0.0,
    "f1-score": 0.0,
    "support": 2.0
  },
  "1": {
    "precision": 0.14285714285714285,
    "recall": 0.125,
    "f1-score": 0.13333333333333333,
    "support": 8.0
  },
  "2": {
    "precision": 0.0,
    "recall": 0.0,
    "f1-score": 0.0,
    "support": 9.0
  },
  "3": {
    "precision": 0.5,
    "recall": 0.36,
    "f1-score": 0.41860465116279066,
    "support": 50.0
  },
  "4": {
    "precision": 0.0,
    "recall": 0.0,
    "f1-score": 0.0,
    "support": 0.0
  },
  "5": {
    "precision": 0.0,
    "recall": 0.0,
    "f1-score": 0.0,
    "support": 0.0
  },
  "6": {
    "precision": 0.0,
    "recall": 0.0,
    "f1-score": 0.0,
    "support": 1.0
  },
  "7": {
    "precision": 0.17391304347826086,
    "recall": 0.20253164556962025,
    "f1-score": 0.18713450292397663,
    "support": 79.0
  },
  "8": {
    "precision": 0.5,
    "recall": 0.16666666666666666,
    "f1-score": 0.25,
    "support": 12.0
  },
  "9": {
    "precision": 0.037037037037037035,
    "recall": 0.16666666666666666,
    "f1-score": 0.06060606060606061,
    "support": 6.0
  },
  "10": {
    "precision": 0.14285714285714285,
    "recall": 1.0,
    "f1-score": 0.25,
    "support": 1.0
  },
  "11": {
    "precision": 0.2631578947368421,
    "recall": 0.18518518518518517,
    "f1-score": 0.21739130434782608,
    "support": 27.0
  },
  "12": {
    "precision": 0.5428571428571428,
    "recall": 0.5428571428571428,
    "f1-score": 0.5428571428571428,
    "support": 105.0
  },
  "13": {
    "precision": 0.7142857142857143,
    "recall": 0.3125,
    "f1-score": 0.43478260869565216,
    "support": 16.0
  },
  "14": {
    "precision": 0.6666666666666666,
    "recall": 0.25,
    "f1-score": 0.36363636363636365,
    "support": 8.0
  },
  "15": {
    "precision": 0.0,
    "recall": 0.0,
    "f1-score": 0.0,
    "support": 0.0
  },
  "16": {
    "precision": 0.0,
    "recall": 0.0,
    "f1-score": 0.0,
    "support": 0.0
  },
  "17": {
    "precision": 0.38461538461538464,
    "recall": 0.18518518518518517,
    "f1-score": 0.25,
    "support": 27.0
  },
  "18": {
    "precision": 0.08108108108108109,
    "recall": 0.09375,
    "f1-score": 0.08695652173913043,
    "support": 32.0
  },
  "19": {
    "precision": 0.0,
    "recall": 0.0,
    "f1-score": 0.0,
    "support": 0.0
  },
  "20": {
    "precision": 0.15,
    "recall": 0.21428571428571427,
    "f1-score": 0.1764705882352941,
    "support": 14.0
  },
  "21": {
    "precision": 0.375,
    "recall": 0.5,
    "f1-score": 0.42857142857142855,
    "support": 18.0
  },
  "22": {
    "precision": 0.0,
    "recall": 0.0,
    "f1-score": 0.0,
    "support": 0.0
  },
  "23": {
    "precision": 0.3333333333333333,
    "recall": 0.21428571428571427,
    "f1-score": 0.2608695652173913,
    "support": 28.0
  },
  "24": {
    "precision": 0.09090909090909091,
    "recall": 0.5,
    "f1-score": 0.15384615384615385,
    "support": 2.0
  },
  "25": {
    "precision": 0.07692307692307693,
    "recall": 0.0625,
    "f1-score": 0.06896551724137931,
    "support": 16.0
  },
  "26": {
    "precision": 0.35294117647058826,
    "recall": 0.5172413793103449,
    "f1-score": 0.41958041958041964,
    "support": 58.0
  },
  "27": {
    "precision": 0.35294117647058826,
    "recall": 0.48,
    "f1-score": 0.4067796610169491,
    "support": 25.0
  },
  "29": {
    "precision": 0.0,
    "recall": 0.0,
    "f1-score": 0.0,
    "support": 13.0
  },
  "30": {
    "precision": 0.16666666666666666,
    "recall": 0.5,
    "f1-score": 0.25,
    "support": 2.0
  },
  "31": {
    "precision": 0.125,
    "recall": 0.15384615384615385,
    "f1-score": 0.13793103448275862,
    "support": 13.0
  },
  "32": {
    "precision": 0.0,
    "recall": 0.0,
    "f1-score": 0.0,
    "support": 13.0
  },
  "33": {
    "precision": 0.0,
    "recall": 0.0,
    "f1-score": 0.0,
    "support": 0.0
  },
  "34": {
    "precision": 0.46296296296296297,
    "recall": 0.25510204081632654,
    "f1-score": 0.32894736842105265,
    "support": 98.0
  },
  "35": {
    "precision": 0.0,
    "recall": 0.0,
    "f1-score": 0.0,
    "support": 4.0
  },
  "37": {
    "precision": 0.0,
    "recall": 0.0,
    "f1-score": 0.0,
    "support": 0.0
  },
  "38": {
    "precision": 0.03125,
    "recall": 0.0625,
    "f1-score": 0.041666666666666664,
    "support": 16.0
  },
  "39": {
    "precision": 0.0,
    "recall": 0.0,
    "f1-score": 0.0,
    "support": 18.0
  },
  "40": {
    "precision": 0.0,
    "recall": 0.0,
    "f1-score": 0.0,
    "support": 5.0
  },
  "accuracy": 0.28512396694214875,
  "macro avg": {
    "precision": 0.17095527523612108,
    "recall": 0.18077188447883896,
    "f1-score": 0.15048540750209666,
    "support": 726.0
  },
  "weighted avg": {
    "precision": 0.3261875853146169,
    "recall": 0.28512396694214875,
    "f1-score": 0.2909973530595268,
    "support": 726.0
  },
  "top3_acc": 0.5482093663911846,
  "top5_acc": 0.662534435261708,
  "top10_acc": 0.8112947658402204,
  "run_name": "triagerx_ensemble_u3_42_classes_most_seed42",
  "model_location": "/work/disa_lab/projects/triagerx/models/openj9/triagerx_ensemble_u3_42_classes_most_seed42.pt"
}