{"0": {"precision": 0.7910447761194029, "recall": 0.7910447761194029, "f1-score": 0.7910447761194029, "support": 67.0}, "1": {"precision": 0.5964912280701754, "recall": 0.6296296296296297, "f1-score": 0.6126126126126126, "support": 54.0}, "2": {"precision": 0.2857142857142857, "recall": 0.2857142857142857, "f1-score": 0.2857142857142857, "support": 7.0}, "3": {"precision": 0.5, "recall": 0.6666666666666666, "f1-score": 0.5714285714285715, "support": 6.0}, "4": {"precision": 0.703125, "recall": 0.6870229007633588, "f1-score": 0.694980694980695, "support": 131.0}, "5": {"precision": 0.8290598290598291, "recall": 0.8243626062322946, "f1-score": 0.8267045454545455, "support": 353.0}, "accuracy": 0.7669902912621359, "macro avg": {"precision": 0.6175725198272822, "recall": 0.6474068108542731, "f1-score": 0.6304142477183522, "support": 618.0}, "weighted avg": {"precision": 0.7685728494723449, "recall": 0.7669902912621359, "f1-score": 0.7676032817112914, "support": 618.0}, "top3_accuracy": 0.9854368932038835, "run_name": "comp_summary_sp_tokens_LBTPDeberta_u5_6_classes_seed66", "model_location": "/work/disa_lab/projects/triagerx/models/comp_summary_sp_tokens_LBTPDeberta_u5_6_classes_seed66.pt"}