{
  "1": {
    "precision": 0.0,
    "recall": 0.0,
    "f1-score": 0.0,
    "support": 1.0
  },
  "2": {
    "precision": 0.0,
    "recall": 0.0,
    "f1-score": 0.0,
    "support": 18.0
  },
  "3": {
    "precision": 0.0,
    "recall": 0.0,
    "f1-score": 0.0,
    "support": 0.0
  },
  "4": {
    "precision": 0.2,
    "recall": 0.5,
    "f1-score": 0.28571428571428575,
    "support": 2.0
  },
  "5": {
    "precision": 0.0,
    "recall": 0.0,
    "f1-score": 0.0,
    "support": 6.0
  },
  "7": {
    "precision": 0.0,
    "recall": 0.0,
    "f1-score": 0.0,
    "support": 1.0
  },
  "8": {
    "precision": 0.6896551724137931,
    "recall": 0.3389830508474576,
    "f1-score": 0.45454545454545453,
    "support": 59.0
  },
  "9": {
    "precision": 0.15384615384615385,
    "recall": 0.2222222222222222,
    "f1-score": 0.18181818181818185,
    "support": 9.0
  },
  "10": {
    "precision": 0.375,
    "recall": 0.5,
    "f1-score": 0.42857142857142855,
    "support": 12.0
  },
  "11": {
    "precision": 0.5,
    "recall": 0.45454545454545453,
    "f1-score": 0.47619047619047616,
    "support": 11.0
  },
  "13": {
    "precision": 0.0,
    "recall": 0.0,
    "f1-score": 0.0,
    "support": 0.0
  },
  "14": {
    "precision": 0.125,
    "recall": 0.25,
    "f1-score": 0.16666666666666666,
    "support": 4.0
  },
  "15": {
    "precision": 0.0,
    "recall": 0.0,
    "f1-score": 0.0,
    "support": 0.0
  },
  "16": {
    "precision": 0.0,
    "recall": 0.0,
    "f1-score": 0.0,
    "support": 0.0
  },
  "17": {
    "precision": 0.2,
    "recall": 0.3333333333333333,
    "f1-score": 0.25,
    "support": 12.0
  },
  "18": {
    "precision": 0.0,
    "recall": 0.0,
    "f1-score": 0.0,
    "support": 0.0
  },
  "19": {
    "precision": 0.13043478260869565,
    "recall": 0.17647058823529413,
    "f1-score": 0.15,
    "support": 17.0
  },
  "20": {
    "precision": 0.0,
    "recall": 0.0,
    "f1-score": 0.0,
    "support": 0.0
  },
  "21": {
    "precision": 0.0,
    "recall": 0.0,
    "f1-score": 0.0,
    "support": 5.0
  },
  "22": {
    "precision": 0.25,
    "recall": 0.5,
    "f1-score": 0.3333333333333333,
    "support": 2.0
  },
  "23": {
    "precision": 0.0,
    "recall": 0.0,
    "f1-score": 0.0,
    "support": 4.0
  },
  "24": {
    "precision": 0.0,
    "recall": 0.0,
    "f1-score": 0.0,
    "support": 0.0
  },
  "25": {
    "precision": 0.25,
    "recall": 0.05555555555555555,
    "f1-score": 0.0909090909090909,
    "support": 18.0
  },
  "26": {
    "precision": 0.0,
    "recall": 0.0,
    "f1-score": 0.0,
    "support": 0.0
  },
  "27": {
    "precision": 0.15517241379310345,
    "recall": 0.17307692307692307,
    "f1-score": 0.16363636363636364,
    "support": 52.0
  },
  "28": {
    "precision": 0.0,
    "recall": 0.0,
    "f1-score": 0.0,
    "support": 0.0
  },
  "29": {
    "precision": 0.125,
    "recall": 0.125,
    "f1-score": 0.125,
    "support": 8.0
  },
  "30": {
    "precision": 0.6666666666666666,
    "recall": 0.05128205128205128,
    "f1-score": 0.09523809523809523,
    "support": 39.0
  },
  "31": {
    "precision": 0.3,
    "recall": 0.5,
    "f1-score": 0.37499999999999994,
    "support": 12.0
  },
  "32": {
    "precision": 0.25,
    "recall": 0.2,
    "f1-score": 0.22222222222222224,
    "support": 5.0
  },
  "33": {
    "precision": 0.0,
    "recall": 0.0,
    "f1-score": 0.0,
    "support": 0.0
  },
  "34": {
    "precision": 0.25,
    "recall": 0.07142857142857142,
    "f1-score": 0.11111111111111112,
    "support": 14.0
  },
  "35": {
    "precision": 0.05,
    "recall": 0.5,
    "f1-score": 0.09090909090909091,
    "support": 2.0
  },
  "36": {
    "precision": 0.0,
    "recall": 0.0,
    "f1-score": 0.0,
    "support": 0.0
  },
  "37": {
    "precision": 0.0,
    "recall": 0.0,
    "f1-score": 0.0,
    "support": 0.0
  },
  "38": {
    "precision": 0.3333333333333333,
    "recall": 0.2,
    "f1-score": 0.25,
    "support": 5.0
  },
  "39": {
    "precision": 0.0,
    "recall": 0.0,
    "f1-score": 0.0,
    "support": 9.0
  },
  "40": {
    "precision": 0.0,
    "recall": 0.0,
    "f1-score": 0.0,
    "support": 0.0
  },
  "41": {
    "precision": 0.0,
    "recall": 0.0,
    "f1-score": 0.0,
    "support": 28.0
  },
  "42": {
    "precision": 0.0,
    "recall": 0.0,
    "f1-score": 0.0,
    "support": 4.0
  },
  "43": {
    "precision": 0.0,
    "recall": 0.0,
    "f1-score": 0.0,
    "support": 0.0
  },
  "44": {
    "precision": 0.0,
    "recall": 0.0,
    "f1-score": 0.0,
    "support": 2.0
  },
  "45": {
    "precision": 0.0,
    "recall": 0.0,
    "f1-score": 0.0,
    "support": 6.0
  },
  "46": {
    "precision": 0.0,
    "recall": 0.0,
    "f1-score": 0.0,
    "support": 2.0
  },
  "47": {
    "precision": 0.0,
    "recall": 0.0,
    "f1-score": 0.0,
    "support": 12.0
  },
  "48": {
    "precision": 0.0,
    "recall": 0.0,
    "f1-score": 0.0,
    "support": 0.0
  },
  "49": {
    "precision": 0.0,
    "recall": 0.0,
    "f1-score": 0.0,
    "support": 1.0
  },
  "accuracy": 0.17277486910994763,
  "macro avg": {
    "precision": 0.10647039409918609,
    "recall": 0.1096148457558907,
    "f1-score": 0.09044395320991065,
    "support": 382.0
  },
  "weighted avg": {
    "precision": 0.2821395132075525,
    "recall": 0.17277486910994763,
    "f1-score": 0.18258765667142632,
    "support": 382.0
  },
  "top3_acc": 0.36649214659685864,
  "top5_acc": 0.49476439790575916,
  "top10_acc": 0.6884816753926701,
  "top20_acc": 0.8612565445026178,
  "run_name": "cnn_deberta-base-full_u3_50_classes_last_dev_seed42",
  "model_location": "/work/disa_lab/projects/triagerx/models/openj9/cnn_deberta-base-full_u3_50_classes_last_dev_seed42.pt"
}