{
  "0": {
    "precision": 0.0,
    "recall": 0.0,
    "f1-score": 0.0,
    "support": 3.0
  },
  "1": {
    "precision": 0.2857142857142857,
    "recall": 0.5,
    "f1-score": 0.36363636363636365,
    "support": 8.0
  },
  "2": {
    "precision": 0.0,
    "recall": 0.0,
    "f1-score": 0.0,
    "support": 10.0
  },
  "3": {
    "precision": 0.42857142857142855,
    "recall": 0.24,
    "f1-score": 0.30769230769230765,
    "support": 50.0
  },
  "4": {
    "precision": 0.0,
    "recall": 0.0,
    "f1-score": 0.0,
    "support": 0.0
  },
  "6": {
    "precision": 0.0,
    "recall": 0.0,
    "f1-score": 0.0,
    "support": 1.0
  },
  "7": {
    "precision": 0.24761904761904763,
    "recall": 0.32098765432098764,
    "f1-score": 0.27956989247311825,
    "support": 81.0
  },
  "8": {
    "precision": 0.0,
    "recall": 0.0,
    "f1-score": 0.0,
    "support": 12.0
  },
  "9": {
    "precision": 0.07692307692307693,
    "recall": 0.2,
    "f1-score": 0.1111111111111111,
    "support": 5.0
  },
  "10": {
    "precision": 0.1,
    "recall": 1.0,
    "f1-score": 0.18181818181818182,
    "support": 1.0
  },
  "11": {
    "precision": 0.35,
    "recall": 0.25925925925925924,
    "f1-score": 0.29787234042553196,
    "support": 27.0
  },
  "12": {
    "precision": 0.40372670807453415,
    "recall": 0.6372549019607843,
    "f1-score": 0.49429657794676807,
    "support": 102.0
  },
  "14": {
    "precision": 0.6,
    "recall": 0.2,
    "f1-score": 0.3,
    "support": 15.0
  },
  "15": {
    "precision": 0.5,
    "recall": 0.375,
    "f1-score": 0.42857142857142855,
    "support": 8.0
  },
  "16": {
    "precision": 0.0,
    "recall": 0.0,
    "f1-score": 0.0,
    "support": 0.0
  },
  "17": {
    "precision": 0.0,
    "recall": 0.0,
    "f1-score": 0.0,
    "support": 0.0
  },
  "18": {
    "precision": 0.5,
    "recall": 0.2,
    "f1-score": 0.28571428571428575,
    "support": 30.0
  },
  "19": {
    "precision": 0.10869565217391304,
    "recall": 0.1388888888888889,
    "f1-score": 0.12195121951219512,
    "support": 36.0
  },
  "20": {
    "precision": 0.0,
    "recall": 0.0,
    "f1-score": 0.0,
    "support": 0.0
  },
  "21": {
    "precision": 0.3181818181818182,
    "recall": 0.5,
    "f1-score": 0.3888888888888889,
    "support": 14.0
  },
  "22": {
    "precision": 0.5,
    "recall": 0.16666666666666666,
    "f1-score": 0.25,
    "support": 6.0
  },
  "23": {
    "precision": 0.4782608695652174,
    "recall": 0.6470588235294118,
    "f1-score": 0.55,
    "support": 17.0
  },
  "24": {
    "precision": 0.0,
    "recall": 0.0,
    "f1-score": 0.0,
    "support": 0.0
  },
  "25": {
    "precision": 0.23076923076923078,
    "recall": 0.11538461538461539,
    "f1-score": 0.15384615384615388,
    "support": 26.0
  },
  "26": {
    "precision": 0.2,
    "recall": 0.5,
    "f1-score": 0.28571428571428575,
    "support": 2.0
  },
  "27": {
    "precision": 0.14285714285714285,
    "recall": 0.11764705882352941,
    "f1-score": 0.12903225806451615,
    "support": 17.0
  },
  "28": {
    "precision": 0.4166666666666667,
    "recall": 0.32786885245901637,
    "f1-score": 0.36697247706422015,
    "support": 61.0
  },
  "29": {
    "precision": 0.34375,
    "recall": 0.44,
    "f1-score": 0.3859649122807018,
    "support": 25.0
  },
  "31": {
    "precision": 0.0,
    "recall": 0.0,
    "f1-score": 0.0,
    "support": 14.0
  },
  "32": {
    "precision": 0.1,
    "recall": 0.5,
    "f1-score": 0.16666666666666669,
    "support": 2.0
  },
  "33": {
    "precision": 0.15384615384615385,
    "recall": 0.15384615384615385,
    "f1-score": 0.15384615384615385,
    "support": 13.0
  },
  "34": {
    "precision": 0.0,
    "recall": 0.0,
    "f1-score": 0.0,
    "support": 13.0
  },
  "35": {
    "precision": 0.0,
    "recall": 0.0,
    "f1-score": 0.0,
    "support": 0.0
  },
  "36": {
    "precision": 0.3448275862068966,
    "recall": 0.19801980198019803,
    "f1-score": 0.2515723270440252,
    "support": 101.0
  },
  "37": {
    "precision": 0.0,
    "recall": 0.0,
    "f1-score": 0.0,
    "support": 4.0
  },
  "39": {
    "precision": 0.0,
    "recall": 0.0,
    "f1-score": 0.0,
    "support": 0.0
  },
  "40": {
    "precision": 0.0,
    "recall": 0.0,
    "f1-score": 0.0,
    "support": 15.0
  },
  "41": {
    "precision": 0.0,
    "recall": 0.0,
    "f1-score": 0.0,
    "support": 16.0
  },
  "42": {
    "precision": 0.0,
    "recall": 0.0,
    "f1-score": 0.0,
    "support": 5.0
  },
  "accuracy": 0.2864864864864865,
  "macro avg": {
    "precision": 0.17513870941460033,
    "recall": 0.19840724813126953,
    "f1-score": 0.16037789313633086,
    "support": 740.0
  },
  "weighted avg": {
    "precision": 0.30033887323945424,
    "recall": 0.2864864864864865,
    "f1-score": 0.27549093654268375,
    "support": 740.0
  },
  "top3_acc": 0.5378378378378378,
  "top5_acc": 0.6513513513513514,
  "top10_acc": 0.8175675675675675,
  "run_name": "triagerx_ensemble_u3_42_classes_seed42",
  "model_location": "/work/disa_lab/projects/triagerx/models/openj9/triagerx_ensemble_u3_42_classes_seed42.pt"
}