{"0": {"precision": 0.8539325842696629, "recall": 0.7755102040816326, "f1-score": 0.8128342245989305, "support": 98.0}, "1": {"precision": 0.5263157894736842, "recall": 0.4878048780487805, "f1-score": 0.5063291139240507, "support": 41.0}, "2": {"precision": 0.4, "recall": 0.18181818181818182, "f1-score": 0.25000000000000006, "support": 11.0}, "3": {"precision": 0.3333333333333333, "recall": 0.25, "f1-score": 0.28571428571428575, "support": 4.0}, "4": {"precision": 0.6384615384615384, "recall": 0.7477477477477478, "f1-score": 0.6887966804979253, "support": 111.0}, "5": {"precision": 0.8271954674220963, "recall": 0.8271954674220963, "f1-score": 0.8271954674220963, "support": 353.0}, "accuracy": 0.7669902912621359, "macro avg": {"precision": 0.5965397854933859, "recall": 0.5450127465197399, "f1-score": 0.5618116286928815, "support": 618.0}, "weighted avg": {"precision": 0.7667749267466215, "recall": 0.7669902912621359, "f1-score": 0.7649943954040583, "support": 618.0}, "test_accuracy": 0.7669902912621359, "run_name": "comp_raw_data_LBTPDeberta_u5_6_classes_seed92", "model_location": "/work/disa_lab/projects/triagerx/models/comp_raw_data_LBTPDeberta_u5_6_classes.pt"}