{"0": {"precision": 0.7444444444444445, "recall": 0.7976190476190477, "f1-score": 0.7701149425287357, "support": 84.0}, "1": {"precision": 0.7045454545454546, "recall": 0.6458333333333334, "f1-score": 0.6739130434782609, "support": 48.0}, "2": {"precision": 1.0, "recall": 0.25, "f1-score": 0.4, "support": 8.0}, "3": {"precision": 0.6666666666666666, "recall": 0.5, "f1-score": 0.5714285714285715, "support": 4.0}, "4": {"precision": 0.7652173913043478, "recall": 0.6875, "f1-score": 0.7242798353909465, "support": 128.0}, "5": {"precision": 0.8489010989010989, "recall": 0.8930635838150289, "f1-score": 0.8704225352112676, "support": 346.0}, "accuracy": 0.8074433656957929, "macro avg": {"precision": 0.7882958426436687, "recall": 0.6290026607945683, "f1-score": 0.6683598213396303, "support": 618.0}, "weighted avg": {"precision": 0.8069349322409685, "recall": 0.8074433656957929, "f1-score": 0.8032317340747968, "support": 618.0}, "test_accuracy": 0.8074433656957929, "run_name": "comp_summary_sp_tokens_LBTPDeberta_u5_6_classes_seed12", "model_location": "/work/disa_lab/projects/triagerx/models/comp_summary_sp_tokens_LBTPDeberta_u5_6_classes_seed12.pt"}