{"0": {"precision": 0.7349397590361446, "recall": 0.8356164383561644, "f1-score": 0.7820512820512822, "support": 73.0}, "1": {"precision": 0.5714285714285714, "recall": 0.6956521739130435, "f1-score": 0.6274509803921569, "support": 46.0}, "2": {"precision": 0.2727272727272727, "recall": 0.42857142857142855, "f1-score": 0.33333333333333326, "support": 7.0}, "3": {"precision": 0.375, "recall": 1.0, "f1-score": 0.5454545454545454, "support": 3.0}, "4": {"precision": 0.6506849315068494, "recall": 0.7723577235772358, "f1-score": 0.7063197026022305, "support": 123.0}, "5": {"precision": 0.9140127388535032, "recall": 0.7841530054644809, "f1-score": 0.8441176470588235, "support": 366.0}, "accuracy": 0.7783171521035599, "macro avg": {"precision": 0.5864655455920569, "recall": 0.7527251283137256, "f1-score": 0.6397879151487287, "support": 618.0}, "weighted avg": {"precision": 0.8050700915860329, "recall": 0.7783171521035599, "f1-score": 0.7859976826878374, "support": 618.0}, "top3_accuracy": 0.988673139158576, "run_name": "comp_sp_tokens_LBTPDeberta_u5_6_classes_seed66", "model_location": "/work/disa_lab/projects/triagerx/models/comp_sp_tokens_LBTPDeberta_u5_6_classes_seed66.pt"}