{
  "0": {
    "precision": 0.0,
    "recall": 0.0,
    "f1-score": 0.0,
    "support": 88.0
  },
  "1": {
    "precision": 0.4032258064516129,
    "recall": 0.24271844660194175,
    "f1-score": 0.30303030303030304,
    "support": 103.0
  },
  "2": {
    "precision": 0.0,
    "recall": 0.0,
    "f1-score": 0.0,
    "support": 0.0
  },
  "3": {
    "precision": 0.0,
    "recall": 0.0,
    "f1-score": 0.0,
    "support": 0.0
  },
  "4": {
    "precision": 0.48823529411764705,
    "recall": 0.39712918660287083,
    "f1-score": 0.43799472295514513,
    "support": 209.0
  },
  "5": {
    "precision": 0.6923076923076923,
    "recall": 0.08653846153846154,
    "f1-score": 0.15384615384615383,
    "support": 104.0
  },
  "6": {
    "precision": 0.0,
    "recall": 0.0,
    "f1-score": 0.0,
    "support": 0.0
  },
  "7": {
    "precision": 0.0,
    "recall": 0.0,
    "f1-score": 0.0,
    "support": 4.0
  },
  "8": {
    "precision": 0.0,
    "recall": 0.0,
    "f1-score": 0.0,
    "support": 0.0
  },
  "9": {
    "precision": 0.0,
    "recall": 0.0,
    "f1-score": 0.0,
    "support": 0.0
  },
  "10": {
    "precision": 0.6666666666666666,
    "recall": 0.10526315789473684,
    "f1-score": 0.18181818181818182,
    "support": 19.0
  },
  "11": {
    "precision": 0.0,
    "recall": 0.0,
    "f1-score": 0.0,
    "support": 24.0
  },
  "13": {
    "precision": 0.09195402298850575,
    "recall": 0.23529411764705882,
    "f1-score": 0.1322314049586777,
    "support": 34.0
  },
  "14": {
    "precision": 0.08333333333333333,
    "recall": 0.4,
    "f1-score": 0.13793103448275862,
    "support": 5.0
  },
  "15": {
    "precision": 0.07692307692307693,
    "recall": 0.037037037037037035,
    "f1-score": 0.05,
    "support": 27.0
  },
  "16": {
    "precision": 0.0,
    "recall": 0.0,
    "f1-score": 0.0,
    "support": 2.0
  },
  "17": {
    "precision": 0.16580310880829016,
    "recall": 0.367816091954023,
    "f1-score": 0.22857142857142856,
    "support": 87.0
  },
  "18": {
    "precision": 0.0,
    "recall": 0.0,
    "f1-score": 0.0,
    "support": 0.0
  },
  "19": {
    "precision": 0.0,
    "recall": 0.0,
    "f1-score": 0.0,
    "support": 13.0
  },
  "20": {
    "precision": 0.0,
    "recall": 0.0,
    "f1-score": 0.0,
    "support": 0.0
  },
  "21": {
    "precision": 0.0,
    "recall": 0.0,
    "f1-score": 0.0,
    "support": 0.0
  },
  "22": {
    "precision": 0.0,
    "recall": 0.0,
    "f1-score": 0.0,
    "support": 0.0
  },
  "23": {
    "precision": 0.0,
    "recall": 0.0,
    "f1-score": 0.0,
    "support": 0.0
  },
  "24": {
    "precision": 0.0,
    "recall": 0.0,
    "f1-score": 0.0,
    "support": 0.0
  },
  "25": {
    "precision": 0.19047619047619047,
    "recall": 0.4,
    "f1-score": 0.25806451612903225,
    "support": 20.0
  },
  "26": {
    "precision": 0.1111111111111111,
    "recall": 0.027777777777777776,
    "f1-score": 0.04444444444444444,
    "support": 36.0
  },
  "27": {
    "precision": 0.0,
    "recall": 0.0,
    "f1-score": 0.0,
    "support": 0.0
  },
  "28": {
    "precision": 0.0,
    "recall": 0.0,
    "f1-score": 0.0,
    "support": 0.0
  },
  "29": {
    "precision": 0.8148148148148148,
    "recall": 0.39285714285714285,
    "f1-score": 0.5301204819277108,
    "support": 112.0
  },
  "30": {
    "precision": 0.0,
    "recall": 0.0,
    "f1-score": 0.0,
    "support": 14.0
  },
  "31": {
    "precision": 0.0,
    "recall": 0.0,
    "f1-score": 0.0,
    "support": 50.0
  },
  "32": {
    "precision": 0.0,
    "recall": 0.0,
    "f1-score": 0.0,
    "support": 1.0
  },
  "33": {
    "precision": 1.0,
    "recall": 0.02857142857142857,
    "f1-score": 0.05555555555555556,
    "support": 70.0
  },
  "34": {
    "precision": 0.0,
    "recall": 0.0,
    "f1-score": 0.0,
    "support": 0.0
  },
  "35": {
    "precision": 0.0,
    "recall": 0.0,
    "f1-score": 0.0,
    "support": 0.0
  },
  "36": {
    "precision": 0.7647058823529411,
    "recall": 0.16049382716049382,
    "f1-score": 0.26530612244897955,
    "support": 81.0
  },
  "37": {
    "precision": 0.0,
    "recall": 0.0,
    "f1-score": 0.0,
    "support": 0.0
  },
  "38": {
    "precision": 0.0,
    "recall": 0.0,
    "f1-score": 0.0,
    "support": 0.0
  },
  "39": {
    "precision": 0.057971014492753624,
    "recall": 0.5,
    "f1-score": 0.10389610389610389,
    "support": 16.0
  },
  "accuracy": 0.2126899016979446,
  "macro avg": {
    "precision": 0.14378276961140093,
    "recall": 0.08670504296520443,
    "f1-score": 0.07391821677088398,
    "support": 1119.0
  },
  "weighted avg": {
    "precision": 0.429153256447316,
    "recall": 0.2126899016979446,
    "f1-score": 0.233963009614918,
    "support": 1119.0
  },
  "top3_acc": 0.4289544235924933,
  "top5_acc": 0.580875781948168,
  "top10_acc": 0.7658623771224308,
  "top20_acc": 0.9186773905272565,
  "run_name": "ts_cnn_deberta-large_u3_40_classes_last_dev_seed42",
  "model_location": "/work/disa_lab/projects/triagerx/models/typescript/ts_cnn_deberta-large_u3_40_classes_last_dev_seed42.pt"
}