{
  "1": {
    "precision": 0.0,
    "recall": 0.0,
    "f1-score": 0.0,
    "support": 1.0
  },
  "2": {
    "precision": 0.2222222222222222,
    "recall": 0.1111111111111111,
    "f1-score": 0.14814814814814814,
    "support": 18.0
  },
  "3": {
    "precision": 0.0,
    "recall": 0.0,
    "f1-score": 0.0,
    "support": 0.0
  },
  "4": {
    "precision": 0.0,
    "recall": 0.0,
    "f1-score": 0.0,
    "support": 2.0
  },
  "5": {
    "precision": 0.0,
    "recall": 0.0,
    "f1-score": 0.0,
    "support": 6.0
  },
  "6": {
    "precision": 0.0,
    "recall": 0.0,
    "f1-score": 0.0,
    "support": 0.0
  },
  "7": {
    "precision": 0.0,
    "recall": 0.0,
    "f1-score": 0.0,
    "support": 1.0
  },
  "8": {
    "precision": 0.6666666666666666,
    "recall": 0.23728813559322035,
    "f1-score": 0.35,
    "support": 59.0
  },
  "9": {
    "precision": 0.18181818181818182,
    "recall": 0.2222222222222222,
    "f1-score": 0.19999999999999998,
    "support": 9.0
  },
  "10": {
    "precision": 0.26666666666666666,
    "recall": 0.3333333333333333,
    "f1-score": 0.2962962962962963,
    "support": 12.0
  },
  "11": {
    "precision": 0.6,
    "recall": 0.2727272727272727,
    "f1-score": 0.37499999999999994,
    "support": 11.0
  },
  "12": {
    "precision": 0.0,
    "recall": 0.0,
    "f1-score": 0.0,
    "support": 0.0
  },
  "13": {
    "precision": 0.0,
    "recall": 0.0,
    "f1-score": 0.0,
    "support": 0.0
  },
  "14": {
    "precision": 0.5,
    "recall": 0.25,
    "f1-score": 0.3333333333333333,
    "support": 4.0
  },
  "15": {
    "precision": 0.0,
    "recall": 0.0,
    "f1-score": 0.0,
    "support": 0.0
  },
  "16": {
    "precision": 0.0,
    "recall": 0.0,
    "f1-score": 0.0,
    "support": 0.0
  },
  "17": {
    "precision": 0.3,
    "recall": 0.25,
    "f1-score": 0.2727272727272727,
    "support": 12.0
  },
  "18": {
    "precision": 0.0,
    "recall": 0.0,
    "f1-score": 0.0,
    "support": 0.0
  },
  "19": {
    "precision": 0.11538461538461539,
    "recall": 0.17647058823529413,
    "f1-score": 0.13953488372093026,
    "support": 17.0
  },
  "21": {
    "precision": 0.5,
    "recall": 0.4,
    "f1-score": 0.4444444444444445,
    "support": 5.0
  },
  "22": {
    "precision": 0.0,
    "recall": 0.0,
    "f1-score": 0.0,
    "support": 2.0
  },
  "23": {
    "precision": 0.0,
    "recall": 0.0,
    "f1-score": 0.0,
    "support": 4.0
  },
  "24": {
    "precision": 0.0,
    "recall": 0.0,
    "f1-score": 0.0,
    "support": 0.0
  },
  "25": {
    "precision": 0.06666666666666667,
    "recall": 0.05555555555555555,
    "f1-score": 0.0606060606060606,
    "support": 18.0
  },
  "26": {
    "precision": 0.0,
    "recall": 0.0,
    "f1-score": 0.0,
    "support": 0.0
  },
  "27": {
    "precision": 0.16216216216216217,
    "recall": 0.11538461538461539,
    "f1-score": 0.1348314606741573,
    "support": 52.0
  },
  "28": {
    "precision": 0.0,
    "recall": 0.0,
    "f1-score": 0.0,
    "support": 0.0
  },
  "29": {
    "precision": 0.0,
    "recall": 0.0,
    "f1-score": 0.0,
    "support": 8.0
  },
  "30": {
    "precision": 0.45454545454545453,
    "recall": 0.1282051282051282,
    "f1-score": 0.19999999999999996,
    "support": 39.0
  },
  "31": {
    "precision": 0.18181818181818182,
    "recall": 0.3333333333333333,
    "f1-score": 0.23529411764705885,
    "support": 12.0
  },
  "32": {
    "precision": 0.0,
    "recall": 0.0,
    "f1-score": 0.0,
    "support": 5.0
  },
  "34": {
    "precision": 0.0,
    "recall": 0.0,
    "f1-score": 0.0,
    "support": 14.0
  },
  "35": {
    "precision": 0.0,
    "recall": 0.0,
    "f1-score": 0.0,
    "support": 2.0
  },
  "36": {
    "precision": 0.0,
    "recall": 0.0,
    "f1-score": 0.0,
    "support": 0.0
  },
  "37": {
    "precision": 0.0,
    "recall": 0.0,
    "f1-score": 0.0,
    "support": 0.0
  },
  "38": {
    "precision": 0.16666666666666666,
    "recall": 0.2,
    "f1-score": 0.1818181818181818,
    "support": 5.0
  },
  "39": {
    "precision": 0.0,
    "recall": 0.0,
    "f1-score": 0.0,
    "support": 9.0
  },
  "40": {
    "precision": 0.0,
    "recall": 0.0,
    "f1-score": 0.0,
    "support": 0.0
  },
  "41": {
    "precision": 0.3333333333333333,
    "recall": 0.03571428571428571,
    "f1-score": 0.06451612903225806,
    "support": 28.0
  },
  "42": {
    "precision": 0.0,
    "recall": 0.0,
    "f1-score": 0.0,
    "support": 4.0
  },
  "44": {
    "precision": 0.25,
    "recall": 0.5,
    "f1-score": 0.3333333333333333,
    "support": 2.0
  },
  "45": {
    "precision": 0.0,
    "recall": 0.0,
    "f1-score": 0.0,
    "support": 6.0
  },
  "46": {
    "precision": 0.0,
    "recall": 0.0,
    "f1-score": 0.0,
    "support": 2.0
  },
  "47": {
    "precision": 0.2857142857142857,
    "recall": 0.16666666666666666,
    "f1-score": 0.2105263157894737,
    "support": 12.0
  },
  "49": {
    "precision": 0.0,
    "recall": 0.0,
    "f1-score": 0.0,
    "support": 1.0
  },
  "accuracy": 0.14397905759162305,
  "macro avg": {
    "precision": 0.11674811341478009,
    "recall": 0.08417804995737863,
    "f1-score": 0.0884535550571322,
    "support": 382.0
  },
  "weighted avg": {
    "precision": 0.28394763578009646,
    "recall": 0.14397905759162305,
    "f1-score": 0.1744287892922129,
    "support": 382.0
  },
  "top3_acc": 0.387434554973822,
  "top5_acc": 0.5,
  "top10_acc": 0.6884816753926701,
  "top20_acc": 0.8848167539267016,
  "run_name": "openj9_triagerx-fcn_u3c3_50_classes_seed42",
  "model_location": "/work/disa_lab/projects/triagerx/models/openj9/openj9_triagerx-fcn_u3c3_50_classes_seed42.pt"
}