{
  "0": {
    "precision": 0.0,
    "recall": 0.0,
    "f1-score": 0.0,
    "support": 0.0
  },
  "1": {
    "precision": 0.0,
    "recall": 0.0,
    "f1-score": 0.0,
    "support": 1.0
  },
  "2": {
    "precision": 0.2,
    "recall": 0.05555555555555555,
    "f1-score": 0.08695652173913045,
    "support": 18.0
  },
  "4": {
    "precision": 0.3333333333333333,
    "recall": 0.5,
    "f1-score": 0.4,
    "support": 2.0
  },
  "5": {
    "precision": 0.0,
    "recall": 0.0,
    "f1-score": 0.0,
    "support": 6.0
  },
  "6": {
    "precision": 0.0,
    "recall": 0.0,
    "f1-score": 0.0,
    "support": 0.0
  },
  "7": {
    "precision": 0.0,
    "recall": 0.0,
    "f1-score": 0.0,
    "support": 1.0
  },
  "8": {
    "precision": 0.4222222222222222,
    "recall": 0.3220338983050847,
    "f1-score": 0.36538461538461536,
    "support": 59.0
  },
  "9": {
    "precision": 0.13333333333333333,
    "recall": 0.2222222222222222,
    "f1-score": 0.16666666666666669,
    "support": 9.0
  },
  "10": {
    "precision": 0.4666666666666667,
    "recall": 0.5833333333333334,
    "f1-score": 0.5185185185185186,
    "support": 12.0
  },
  "11": {
    "precision": 0.3333333333333333,
    "recall": 0.18181818181818182,
    "f1-score": 0.23529411764705885,
    "support": 11.0
  },
  "12": {
    "precision": 0.0,
    "recall": 0.0,
    "f1-score": 0.0,
    "support": 0.0
  },
  "13": {
    "precision": 0.0,
    "recall": 0.0,
    "f1-score": 0.0,
    "support": 0.0
  },
  "14": {
    "precision": 0.3333333333333333,
    "recall": 0.25,
    "f1-score": 0.28571428571428575,
    "support": 4.0
  },
  "15": {
    "precision": 0.0,
    "recall": 0.0,
    "f1-score": 0.0,
    "support": 0.0
  },
  "16": {
    "precision": 0.0,
    "recall": 0.0,
    "f1-score": 0.0,
    "support": 0.0
  },
  "17": {
    "precision": 0.5,
    "recall": 0.16666666666666666,
    "f1-score": 0.25,
    "support": 12.0
  },
  "18": {
    "precision": 0.0,
    "recall": 0.0,
    "f1-score": 0.0,
    "support": 0.0
  },
  "19": {
    "precision": 0.16666666666666666,
    "recall": 0.11764705882352941,
    "f1-score": 0.13793103448275862,
    "support": 17.0
  },
  "20": {
    "precision": 0.0,
    "recall": 0.0,
    "f1-score": 0.0,
    "support": 0.0
  },
  "21": {
    "precision": 0.125,
    "recall": 0.2,
    "f1-score": 0.15384615384615385,
    "support": 5.0
  },
  "22": {
    "precision": 0.0,
    "recall": 0.0,
    "f1-score": 0.0,
    "support": 2.0
  },
  "23": {
    "precision": 0.1111111111111111,
    "recall": 0.25,
    "f1-score": 0.15384615384615383,
    "support": 4.0
  },
  "24": {
    "precision": 0.0,
    "recall": 0.0,
    "f1-score": 0.0,
    "support": 0.0
  },
  "25": {
    "precision": 0.2727272727272727,
    "recall": 0.16666666666666666,
    "f1-score": 0.20689655172413793,
    "support": 18.0
  },
  "26": {
    "precision": 0.0,
    "recall": 0.0,
    "f1-score": 0.0,
    "support": 0.0
  },
  "27": {
    "precision": 0.3695652173913043,
    "recall": 0.3269230769230769,
    "f1-score": 0.346938775510204,
    "support": 52.0
  },
  "28": {
    "precision": 0.0,
    "recall": 0.0,
    "f1-score": 0.0,
    "support": 0.0
  },
  "29": {
    "precision": 0.0,
    "recall": 0.0,
    "f1-score": 0.0,
    "support": 8.0
  },
  "30": {
    "precision": 0.19047619047619047,
    "recall": 0.20512820512820512,
    "f1-score": 0.19753086419753083,
    "support": 39.0
  },
  "31": {
    "precision": 0.25,
    "recall": 0.3333333333333333,
    "f1-score": 0.28571428571428575,
    "support": 12.0
  },
  "32": {
    "precision": 0.16666666666666666,
    "recall": 0.2,
    "f1-score": 0.1818181818181818,
    "support": 5.0
  },
  "33": {
    "precision": 0.0,
    "recall": 0.0,
    "f1-score": 0.0,
    "support": 0.0
  },
  "34": {
    "precision": 0.0,
    "recall": 0.0,
    "f1-score": 0.0,
    "support": 14.0
  },
  "35": {
    "precision": 0.2,
    "recall": 0.5,
    "f1-score": 0.28571428571428575,
    "support": 2.0
  },
  "36": {
    "precision": 0.0,
    "recall": 0.0,
    "f1-score": 0.0,
    "support": 0.0
  },
  "37": {
    "precision": 0.0,
    "recall": 0.0,
    "f1-score": 0.0,
    "support": 0.0
  },
  "38": {
    "precision": 0.3333333333333333,
    "recall": 0.4,
    "f1-score": 0.3636363636363636,
    "support": 5.0
  },
  "39": {
    "precision": 0.2,
    "recall": 0.1111111111111111,
    "f1-score": 0.14285714285714285,
    "support": 9.0
  },
  "40": {
    "precision": 0.0,
    "recall": 0.0,
    "f1-score": 0.0,
    "support": 0.0
  },
  "41": {
    "precision": 0.2,
    "recall": 0.10714285714285714,
    "f1-score": 0.13953488372093023,
    "support": 28.0
  },
  "42": {
    "precision": 0.0,
    "recall": 0.0,
    "f1-score": 0.0,
    "support": 4.0
  },
  "43": {
    "precision": 0.0,
    "recall": 0.0,
    "f1-score": 0.0,
    "support": 0.0
  },
  "44": {
    "precision": 0.0,
    "recall": 0.0,
    "f1-score": 0.0,
    "support": 2.0
  },
  "45": {
    "precision": 0.0,
    "recall": 0.0,
    "f1-score": 0.0,
    "support": 6.0
  },
  "46": {
    "precision": 0.0,
    "recall": 0.0,
    "f1-score": 0.0,
    "support": 2.0
  },
  "47": {
    "precision": 0.0,
    "recall": 0.0,
    "f1-score": 0.0,
    "support": 12.0
  },
  "48": {
    "precision": 0.0,
    "recall": 0.0,
    "f1-score": 0.0,
    "support": 0.0
  },
  "49": {
    "precision": 0.0,
    "recall": 0.0,
    "f1-score": 0.0,
    "support": 1.0
  },
  "accuracy": 0.20680628272251309,
  "macro avg": {
    "precision": 0.10832180980805647,
    "recall": 0.10611392177611886,
    "f1-score": 0.10009794699466133,
    "support": 382.0
  },
  "weighted avg": {
    "precision": 0.2506167780040987,
    "recall": 0.20680628272251309,
    "f1-score": 0.21857143729700998,
    "support": 382.0
  },
  "top3_acc": 0.4031413612565445,
  "top5_acc": 0.5314136125654451,
  "top10_acc": 0.6701570680628273,
  "top20_acc": 0.8219895287958116,
  "run_name": "openj9_cnn_roberta-large-full_u3_50_classes_last_dev_seed42",
  "model_location": "/work/disa_lab/projects/triagerx/models/openj9/openj9_cnn_roberta-large-full_u3_50_classes_last_dev_seed42.pt"
}