{
  "0": {
    "precision": 0.0,
    "recall": 0.0,
    "f1-score": 0.0,
    "support": 3.0
  },
  "1": {
    "precision": 0.125,
    "recall": 0.125,
    "f1-score": 0.125,
    "support": 8.0
  },
  "2": {
    "precision": 0.0,
    "recall": 0.0,
    "f1-score": 0.0,
    "support": 10.0
  },
  "3": {
    "precision": 0.3953488372093023,
    "recall": 0.34,
    "f1-score": 0.3655913978494624,
    "support": 50.0
  },
  "4": {
    "precision": 0.0,
    "recall": 0.0,
    "f1-score": 0.0,
    "support": 0.0
  },
  "5": {
    "precision": 0.0,
    "recall": 0.0,
    "f1-score": 0.0,
    "support": 0.0
  },
  "6": {
    "precision": 0.0,
    "recall": 0.0,
    "f1-score": 0.0,
    "support": 1.0
  },
  "7": {
    "precision": 0.24285714285714285,
    "recall": 0.20987654320987653,
    "f1-score": 0.2251655629139073,
    "support": 81.0
  },
  "8": {
    "precision": 0.5,
    "recall": 0.25,
    "f1-score": 0.3333333333333333,
    "support": 12.0
  },
  "9": {
    "precision": 0.0,
    "recall": 0.0,
    "f1-score": 0.0,
    "support": 5.0
  },
  "10": {
    "precision": 0.1,
    "recall": 1.0,
    "f1-score": 0.18181818181818182,
    "support": 1.0
  },
  "11": {
    "precision": 0.2,
    "recall": 0.07407407407407407,
    "f1-score": 0.10810810810810811,
    "support": 27.0
  },
  "12": {
    "precision": 0.38317757009345793,
    "recall": 0.4019607843137255,
    "f1-score": 0.39234449760765544,
    "support": 102.0
  },
  "14": {
    "precision": 0.42857142857142855,
    "recall": 0.2,
    "f1-score": 0.27272727272727276,
    "support": 15.0
  },
  "15": {
    "precision": 0.375,
    "recall": 0.375,
    "f1-score": 0.375,
    "support": 8.0
  },
  "16": {
    "precision": 0.0,
    "recall": 0.0,
    "f1-score": 0.0,
    "support": 0.0
  },
  "17": {
    "precision": 0.0,
    "recall": 0.0,
    "f1-score": 0.0,
    "support": 0.0
  },
  "18": {
    "precision": 0.21428571428571427,
    "recall": 0.1,
    "f1-score": 0.13636363636363638,
    "support": 30.0
  },
  "19": {
    "precision": 0.12,
    "recall": 0.16666666666666666,
    "f1-score": 0.13953488372093023,
    "support": 36.0
  },
  "20": {
    "precision": 0.0,
    "recall": 0.0,
    "f1-score": 0.0,
    "support": 0.0
  },
  "21": {
    "precision": 0.15384615384615385,
    "recall": 0.2857142857142857,
    "f1-score": 0.2,
    "support": 14.0
  },
  "22": {
    "precision": 0.2,
    "recall": 0.16666666666666666,
    "f1-score": 0.1818181818181818,
    "support": 6.0
  },
  "23": {
    "precision": 0.41379310344827586,
    "recall": 0.7058823529411765,
    "f1-score": 0.5217391304347826,
    "support": 17.0
  },
  "25": {
    "precision": 0.17647058823529413,
    "recall": 0.11538461538461539,
    "f1-score": 0.13953488372093026,
    "support": 26.0
  },
  "26": {
    "precision": 0.10526315789473684,
    "recall": 1.0,
    "f1-score": 0.1904761904761905,
    "support": 2.0
  },
  "27": {
    "precision": 0.125,
    "recall": 0.23529411764705882,
    "f1-score": 0.16326530612244897,
    "support": 17.0
  },
  "28": {
    "precision": 0.425,
    "recall": 0.2786885245901639,
    "f1-score": 0.33663366336633666,
    "support": 61.0
  },
  "29": {
    "precision": 0.4074074074074074,
    "recall": 0.44,
    "f1-score": 0.4230769230769231,
    "support": 25.0
  },
  "30": {
    "precision": 0.0,
    "recall": 0.0,
    "f1-score": 0.0,
    "support": 0.0
  },
  "31": {
    "precision": 0.08333333333333333,
    "recall": 0.14285714285714285,
    "f1-score": 0.10526315789473685,
    "support": 14.0
  },
  "32": {
    "precision": 0.16666666666666666,
    "recall": 0.5,
    "f1-score": 0.25,
    "support": 2.0
  },
  "33": {
    "precision": 0.25,
    "recall": 0.15384615384615385,
    "f1-score": 0.1904761904761905,
    "support": 13.0
  },
  "34": {
    "precision": 0.0,
    "recall": 0.0,
    "f1-score": 0.0,
    "support": 13.0
  },
  "35": {
    "precision": 0.0,
    "recall": 0.0,
    "f1-score": 0.0,
    "support": 0.0
  },
  "36": {
    "precision": 0.5555555555555556,
    "recall": 0.09900990099009901,
    "f1-score": 0.16806722689075632,
    "support": 101.0
  },
  "37": {
    "precision": 0.0,
    "recall": 0.0,
    "f1-score": 0.0,
    "support": 4.0
  },
  "38": {
    "precision": 0.0,
    "recall": 0.0,
    "f1-score": 0.0,
    "support": 0.0
  },
  "40": {
    "precision": 0.0,
    "recall": 0.0,
    "f1-score": 0.0,
    "support": 15.0
  },
  "41": {
    "precision": 0.0,
    "recall": 0.0,
    "f1-score": 0.0,
    "support": 16.0
  },
  "42": {
    "precision": 0.0,
    "recall": 0.0,
    "f1-score": 0.0,
    "support": 5.0
  },
  "accuracy": 0.22432432432432434,
  "macro avg": {
    "precision": 0.15366441648511175,
    "recall": 0.18414804572254265,
    "f1-score": 0.13813344321799914,
    "support": 740.0
  },
  "weighted avg": {
    "precision": 0.3047074489962696,
    "recall": 0.22432432432432434,
    "f1-score": 0.2336811018324603,
    "support": 740.0
  },
  "top3_acc": 0.4837837837837838,
  "top5_acc": 0.6351351351351351,
  "top10_acc": 0.7864864864864864,
  "run_name": "cnn_deberta-base_u3_42_classes_seed42",
  "model_location": "/work/disa_lab/projects/triagerx/models/openj9/cnn_deberta-base_u3_42_classes_seed42.pt"
}