{
  "0": {
    "precision": 0.14705882352941177,
    "recall": 0.2,
    "f1-score": 0.16949152542372883,
    "support": 25.0
  },
  "1": {
    "precision": 0.25,
    "recall": 0.125,
    "f1-score": 0.16666666666666666,
    "support": 8.0
  },
  "2": {
    "precision": 0.0,
    "recall": 0.0,
    "f1-score": 0.0,
    "support": 0.0
  },
  "3": {
    "precision": 0.0,
    "recall": 0.0,
    "f1-score": 0.0,
    "support": 0.0
  },
  "4": {
    "precision": 0.20833333333333334,
    "recall": 0.14285714285714285,
    "f1-score": 0.1694915254237288,
    "support": 35.0
  },
  "5": {
    "precision": 1.0,
    "recall": 0.5,
    "f1-score": 0.6666666666666666,
    "support": 6.0
  },
  "6": {
    "precision": 0.0,
    "recall": 0.0,
    "f1-score": 0.0,
    "support": 0.0
  },
  "7": {
    "precision": 0.0,
    "recall": 0.0,
    "f1-score": 0.0,
    "support": 0.0
  },
  "9": {
    "precision": 0.0,
    "recall": 0.0,
    "f1-score": 0.0,
    "support": 0.0
  },
  "10": {
    "precision": 0.0,
    "recall": 0.0,
    "f1-score": 0.0,
    "support": 0.0
  },
  "11": {
    "precision": 0.0,
    "recall": 0.0,
    "f1-score": 0.0,
    "support": 0.0
  },
  "12": {
    "precision": 0.0,
    "recall": 0.0,
    "f1-score": 0.0,
    "support": 0.0
  },
  "13": {
    "precision": 0.0,
    "recall": 0.0,
    "f1-score": 0.0,
    "support": 0.0
  },
  "15": {
    "precision": 0.0,
    "recall": 0.0,
    "f1-score": 0.0,
    "support": 1.0
  },
  "16": {
    "precision": 0.19148936170212766,
    "recall": 0.08181818181818182,
    "f1-score": 0.11464968152866241,
    "support": 110.0
  },
  "17": {
    "precision": 0.0,
    "recall": 0.0,
    "f1-score": 0.0,
    "support": 1.0
  },
  "18": {
    "precision": 0.0,
    "recall": 0.0,
    "f1-score": 0.0,
    "support": 0.0
  },
  "19": {
    "precision": 0.0,
    "recall": 0.0,
    "f1-score": 0.0,
    "support": 0.0
  },
  "21": {
    "precision": 0.0,
    "recall": 0.0,
    "f1-score": 0.0,
    "support": 0.0
  },
  "23": {
    "precision": 0.0,
    "recall": 0.0,
    "f1-score": 0.0,
    "support": 0.0
  },
  "24": {
    "precision": 0.0,
    "recall": 0.0,
    "f1-score": 0.0,
    "support": 0.0
  },
  "26": {
    "precision": 0.0,
    "recall": 0.0,
    "f1-score": 0.0,
    "support": 1.0
  },
  "27": {
    "precision": 0.3333333333333333,
    "recall": 0.5,
    "f1-score": 0.4,
    "support": 2.0
  },
  "31": {
    "precision": 0.30952380952380953,
    "recall": 0.20634920634920634,
    "f1-score": 0.24761904761904763,
    "support": 63.0
  },
  "32": {
    "precision": 0.0,
    "recall": 0.0,
    "f1-score": 0.0,
    "support": 2.0
  },
  "33": {
    "precision": 0.0,
    "recall": 0.0,
    "f1-score": 0.0,
    "support": 0.0
  },
  "35": {
    "precision": 0.1111111111111111,
    "recall": 0.14285714285714285,
    "f1-score": 0.125,
    "support": 7.0
  },
  "36": {
    "precision": 0.0,
    "recall": 0.0,
    "f1-score": 0.0,
    "support": 0.0
  },
  "37": {
    "precision": 0.3333333333333333,
    "recall": 0.2857142857142857,
    "f1-score": 0.30769230769230765,
    "support": 7.0
  },
  "38": {
    "precision": 0.0,
    "recall": 0.0,
    "f1-score": 0.0,
    "support": 4.0
  },
  "40": {
    "precision": 0.0,
    "recall": 0.0,
    "f1-score": 0.0,
    "support": 0.0
  },
  "41": {
    "precision": 0.44,
    "recall": 0.34375,
    "f1-score": 0.3859649122807018,
    "support": 32.0
  },
  "42": {
    "precision": 0.041666666666666664,
    "recall": 0.058823529411764705,
    "f1-score": 0.048780487804878044,
    "support": 17.0
  },
  "43": {
    "precision": 0.14285714285714285,
    "recall": 0.2857142857142857,
    "f1-score": 0.19047619047619047,
    "support": 21.0
  },
  "44": {
    "precision": 0.1,
    "recall": 0.18181818181818182,
    "f1-score": 0.12903225806451613,
    "support": 11.0
  },
  "45": {
    "precision": 0.0,
    "recall": 0.0,
    "f1-score": 0.0,
    "support": 1.0
  },
  "47": {
    "precision": 0.0,
    "recall": 0.0,
    "f1-score": 0.0,
    "support": 0.0
  },
  "48": {
    "precision": 0.4444444444444444,
    "recall": 0.2857142857142857,
    "f1-score": 0.34782608695652173,
    "support": 42.0
  },
  "49": {
    "precision": 0.3181818181818182,
    "recall": 0.3783783783783784,
    "f1-score": 0.345679012345679,
    "support": 37.0
  },
  "50": {
    "precision": 0.0,
    "recall": 0.0,
    "f1-score": 0.0,
    "support": 0.0
  },
  "51": {
    "precision": 0.0,
    "recall": 0.0,
    "f1-score": 0.0,
    "support": 0.0
  },
  "52": {
    "precision": 0.0,
    "recall": 0.0,
    "f1-score": 0.0,
    "support": 0.0
  },
  "54": {
    "precision": 0.19230769230769232,
    "recall": 0.07874015748031496,
    "f1-score": 0.111731843575419,
    "support": 127.0
  },
  "56": {
    "precision": 0.2,
    "recall": 0.1111111111111111,
    "f1-score": 0.14285714285714285,
    "support": 45.0
  },
  "57": {
    "precision": 0.0,
    "recall": 0.0,
    "f1-score": 0.0,
    "support": 1.0
  },
  "59": {
    "precision": 0.0,
    "recall": 0.0,
    "f1-score": 0.0,
    "support": 0.0
  },
  "62": {
    "precision": 0.0,
    "recall": 0.0,
    "f1-score": 0.0,
    "support": 0.0
  },
  "63": {
    "precision": 0.017857142857142856,
    "recall": 0.09090909090909091,
    "f1-score": 0.029850746268656716,
    "support": 11.0
  },
  "64": {
    "precision": 0.0,
    "recall": 0.0,
    "f1-score": 0.0,
    "support": 46.0
  },
  "65": {
    "precision": 0.0,
    "recall": 0.0,
    "f1-score": 0.0,
    "support": 5.0
  },
  "66": {
    "precision": 0.25,
    "recall": 0.07692307692307693,
    "f1-score": 0.11764705882352941,
    "support": 13.0
  },
  "68": {
    "precision": 0.0,
    "recall": 0.0,
    "f1-score": 0.0,
    "support": 0.0
  },
  "69": {
    "precision": 0.45714285714285713,
    "recall": 0.5925925925925926,
    "f1-score": 0.5161290322580645,
    "support": 27.0
  },
  "70": {
    "precision": 0.0,
    "recall": 0.0,
    "f1-score": 0.0,
    "support": 7.0
  },
  "72": {
    "precision": 0.0,
    "recall": 0.0,
    "f1-score": 0.0,
    "support": 1.0
  },
  "73": {
    "precision": 0.0,
    "recall": 0.0,
    "f1-score": 0.0,
    "support": 1.0
  },
  "74": {
    "precision": 0.3,
    "recall": 0.037037037037037035,
    "f1-score": 0.06593406593406594,
    "support": 81.0
  },
  "75": {
    "precision": 0.3870967741935484,
    "recall": 0.3582089552238806,
    "f1-score": 0.3720930232558139,
    "support": 67.0
  },
  "76": {
    "precision": 0.0,
    "recall": 0.0,
    "f1-score": 0.0,
    "support": 0.0
  },
  "78": {
    "precision": 0.2,
    "recall": 1.0,
    "f1-score": 0.33333333333333337,
    "support": 2.0
  },
  "81": {
    "precision": 1.0,
    "recall": 1.0,
    "f1-score": 1.0,
    "support": 1.0
  },
  "82": {
    "precision": 0.3333333333333333,
    "recall": 0.2,
    "f1-score": 0.25,
    "support": 25.0
  },
  "83": {
    "precision": 0.0,
    "recall": 0.0,
    "f1-score": 0.0,
    "support": 0.0
  },
  "86": {
    "precision": 0.56,
    "recall": 0.2545454545454545,
    "f1-score": 0.35,
    "support": 55.0
  },
  "88": {
    "precision": 0.3333333333333333,
    "recall": 0.3333333333333333,
    "f1-score": 0.3333333333333333,
    "support": 3.0
  },
  "90": {
    "precision": 0.020833333333333332,
    "recall": 0.041666666666666664,
    "f1-score": 0.027777777777777776,
    "support": 24.0
  },
  "91": {
    "precision": 0.3333333333333333,
    "recall": 1.0,
    "f1-score": 0.5,
    "support": 1.0
  },
  "92": {
    "precision": 0.0,
    "recall": 0.0,
    "f1-score": 0.0,
    "support": 10.0
  },
  "93": {
    "precision": 0.0,
    "recall": 0.0,
    "f1-score": 0.0,
    "support": 17.0
  },
  "94": {
    "precision": 0.2857142857142857,
    "recall": 0.2222222222222222,
    "f1-score": 0.25,
    "support": 9.0
  },
  "95": {
    "precision": 0.0,
    "recall": 0.0,
    "f1-score": 0.0,
    "support": 0.0
  },
  "96": {
    "precision": 0.5,
    "recall": 0.04,
    "f1-score": 0.07407407407407407,
    "support": 25.0
  },
  "97": {
    "precision": 0.0,