{"0": {"precision": 0.7875, "recall": 0.7590361445783133, "f1-score": 0.7730061349693251, "support": 83.0}, "1": {"precision": 0.5652173913043478, "recall": 0.5909090909090909, "f1-score": 0.5777777777777778, "support": 44.0}, "2": {"precision": 0.0, "recall": 0.0, "f1-score": 0.0, "support": 7.0}, "3": {"precision": 0.5714285714285714, "recall": 0.8, "f1-score": 0.6666666666666666, "support": 5.0}, "4": {"precision": 0.703125, "recall": 0.743801652892562, "f1-score": 0.7228915662650603, "support": 121.0}, "5": {"precision": 0.84593837535014, "recall": 0.8435754189944135, "f1-score": 0.8447552447552448, "support": 358.0}, "accuracy": 0.7847896440129449, "macro avg": {"precision": 0.5788682230138432, "recall": 0.6228870512290633, "f1-score": 0.5975162317390125, "support": 618.0}, "weighted avg": {"precision": 0.7783386269415604, "recall": 0.7847896440129449, "f1-score": 0.7812416211949182, "support": 618.0}, "test_accuracy": 0.7847896440129449, "run_name": "comp_summary_description_LBTPDeberta_u5_6_classes_seed12", "model_location": "/work/disa_lab/projects/triagerx/models/comp_summary_description_LBTPDeberta_u5_6_classes_seed12.pt"}