{"0": {"precision": 0.75, "recall": 0.8260869565217391, "f1-score": 0.786206896551724, "support": 69.0}, "1": {"precision": 0.6923076923076923, "recall": 0.34615384615384615, "f1-score": 0.46153846153846156, "support": 52.0}, "2": {"precision": 1.0, "recall": 0.4, "f1-score": 0.5714285714285715, "support": 10.0}, "3": {"precision": 0.375, "recall": 0.5, "f1-score": 0.42857142857142855, "support": 6.0}, "4": {"precision": 0.75, "recall": 0.7016129032258065, "f1-score": 0.725, "support": 124.0}, "5": {"precision": 0.8170103092783505, "recall": 0.8879551820728291, "f1-score": 0.851006711409396, "support": 357.0}, "accuracy": 0.7864077669902912, "macro avg": {"precision": 0.7307196669310071, "recall": 0.6103014813290368, "f1-score": 0.6372920115832637, "support": 618.0}, "weighted avg": {"precision": 0.7842600006672672, "recall": 0.7864077669902912, "f1-score": 0.77709285780087, "support": 618.0}, "test_accuracy": 0.7864077669902912, "run_name": "comp_raw_data_LBTPDeberta_u5_6_classes_seed12", "model_location": "/work/disa_lab/projects/triagerx/models/comp_raw_data_LBTPDeberta_u5_6_classes_seed12.pt"}