{"0": {"precision": 0.7282608695652174, "recall": 0.7976190476190477, "f1-score": 0.7613636363636362, "support": 84.0}, "1": {"precision": 0.7380952380952381, "recall": 0.6888888888888889, "f1-score": 0.7126436781609196, "support": 45.0}, "2": {"precision": 1.0, "recall": 0.14285714285714285, "f1-score": 0.25, "support": 7.0}, "3": {"precision": 0.5, "recall": 0.3333333333333333, "f1-score": 0.4, "support": 3.0}, "4": {"precision": 0.6589147286821705, "recall": 0.7391304347826086, "f1-score": 0.6967213114754097, "support": 115.0}, "5": {"precision": 0.8664772727272727, "recall": 0.8379120879120879, "f1-score": 0.85195530726257, "support": 364.0}, "accuracy": 0.7928802588996764, "macro avg": {"precision": 0.748624684844983, "recall": 0.5899568225655182, "f1-score": 0.6121139888770892, "support": 618.0}, "weighted avg": {"precision": 0.7994516502086422, "recall": 0.7928802588996764, "f1-score": 0.7915990188269164, "support": 618.0}, "test_accuracy": 0.7928802588996764, "run_name": "comp_summary_description_LBTPDeberta_u5_6_classes_seed92", "model_location": "/work/disa_lab/projects/triagerx/models/comp_summary_description_LBTPDeberta_u5_6_classes_seed92.pt"}