{"0": {"precision": 0.7529411764705882, "recall": 0.7191011235955056, "f1-score": 0.7356321839080459, "support": 89.0}, "1": {"precision": 0.7297297297297297, "recall": 0.5625, "f1-score": 0.6352941176470588, "support": 48.0}, "2": {"precision": 1.0, "recall": 0.125, "f1-score": 0.2222222222222222, "support": 8.0}, "3": {"precision": 1.0, "recall": 0.6, "f1-score": 0.7499999999999999, "support": 5.0}, "4": {"precision": 0.6062992125984252, "recall": 0.5923076923076923, "f1-score": 0.5992217898832686, "support": 130.0}, "5": {"precision": 0.7945205479452054, "recall": 0.8579881656804734, "f1-score": 0.8250355618776672, "support": 338.0}, "accuracy": 0.7475728155339806, "macro avg": {"precision": 0.8139151111239914, "recall": 0.5761494969306119, "f1-score": 0.6279009792563771, "support": 618.0}, "weighted avg": {"precision": 0.7482291821621101, "recall": 0.7475728155339806, "f1-score": 0.7415113469128303, "support": 618.0}, "test_accuracy": 0.7475728155339806, "run_name": "comp_summary_description_LBTPDeberta_u5_6_classes_seed41", "model_location": "/work/disa_lab/projects/triagerx/models/comp_summary_description_LBTPDeberta_u5_6_classes_seed41.pt"}