{
  "0": {
    "precision": 0.0,
    "recall": 0.0,
    "f1-score": 0.0,
    "support": 0.0
  },
  "1": {
    "precision": 0.0,
    "recall": 0.0,
    "f1-score": 0.0,
    "support": 1.0
  },
  "2": {
    "precision": 0.0,
    "recall": 0.0,
    "f1-score": 0.0,
    "support": 2.0
  },
  "3": {
    "precision": 0.0,
    "recall": 0.0,
    "f1-score": 0.0,
    "support": 6.0
  },
  "5": {
    "precision": 0.0,
    "recall": 0.0,
    "f1-score": 0.0,
    "support": 8.0
  },
  "6": {
    "precision": 0.5,
    "recall": 0.08333333333333333,
    "f1-score": 0.14285714285714285,
    "support": 12.0
  },
  "10": {
    "precision": 0.16939890710382513,
    "recall": 0.62,
    "f1-score": 0.26609442060085836,
    "support": 50.0
  },
  "11": {
    "precision": 0.0,
    "recall": 0.0,
    "f1-score": 0.0,
    "support": 5.0
  },
  "12": {
    "precision": 0.0,
    "recall": 0.0,
    "f1-score": 0.0,
    "support": 2.0
  },
  "14": {
    "precision": 0.125,
    "recall": 0.05555555555555555,
    "f1-score": 0.07692307692307691,
    "support": 18.0
  },
  "16": {
    "precision": 0.0,
    "recall": 0.0,
    "f1-score": 0.0,
    "support": 1.0
  },
  "17": {
    "precision": 0.4666666666666667,
    "recall": 0.11864406779661017,
    "f1-score": 0.18918918918918917,
    "support": 59.0
  },
  "18": {
    "precision": 0.3333333333333333,
    "recall": 0.2727272727272727,
    "f1-score": 0.3,
    "support": 11.0
  },
  "20": {
    "precision": 0.0,
    "recall": 0.0,
    "f1-score": 0.0,
    "support": 4.0
  },
  "21": {
    "precision": 0.0,
    "recall": 0.0,
    "f1-score": 0.0,
    "support": 0.0
  },
  "23": {
    "precision": 0.0,
    "recall": 0.0,
    "f1-score": 0.0,
    "support": 11.0
  },
  "24": {
    "precision": 0.0,
    "recall": 0.0,
    "f1-score": 0.0,
    "support": 17.0
  },
  "25": {
    "precision": 0.0,
    "recall": 0.0,
    "f1-score": 0.0,
    "support": 0.0
  },
  "26": {
    "precision": 0.0,
    "recall": 0.0,
    "f1-score": 0.0,
    "support": 5.0
  },
  "27": {
    "precision": 0.0,
    "recall": 0.0,
    "f1-score": 0.0,
    "support": 2.0
  },
  "28": {
    "precision": 0.0,
    "recall": 0.0,
    "f1-score": 0.0,
    "support": 4.0
  },
  "29": {
    "precision": 0.0,
    "recall": 0.0,
    "f1-score": 0.0,
    "support": 0.0
  },
  "30": {
    "precision": 0.0,
    "recall": 0.0,
    "f1-score": 0.0,
    "support": 18.0
  },
  "32": {
    "precision": 0.0,
    "recall": 0.0,
    "f1-score": 0.0,
    "support": 6.0
  },
  "33": {
    "precision": 0.25,
    "recall": 0.02631578947368421,
    "f1-score": 0.04761904761904762,
    "support": 38.0
  },
  "34": {
    "precision": 0.2777777777777778,
    "recall": 0.4166666666666667,
    "f1-score": 0.33333333333333337,
    "support": 12.0
  },
  "36": {
    "precision": 0.0,
    "recall": 0.0,
    "f1-score": 0.0,
    "support": 12.0
  },
  "38": {
    "precision": 0.16666666666666666,
    "recall": 0.2,
    "f1-score": 0.1818181818181818,
    "support": 5.0
  },
  "39": {
    "precision": 0.0,
    "recall": 0.0,
    "f1-score": 0.0,
    "support": 8.0
  },
  "41": {
    "precision": 0.061855670103092786,
    "recall": 0.23076923076923078,
    "f1-score": 0.0975609756097561,
    "support": 26.0
  },
  "42": {
    "precision": 0.0,
    "recall": 0.0,
    "f1-score": 0.0,
    "support": 4.0
  },
  "44": {
    "precision": 0.0,
    "recall": 0.0,
    "f1-score": 0.0,
    "support": 2.0
  },
  "45": {
    "precision": 0.0,
    "recall": 0.0,
    "f1-score": 0.0,
    "support": 6.0
  },
  "46": {
    "precision": 0.0,
    "recall": 0.0,
    "f1-score": 0.0,
    "support": 2.0
  },
  "47": {
    "precision": 1.0,
    "recall": 0.08333333333333333,
    "f1-score": 0.15384615384615385,
    "support": 12.0
  },
  "49": {
    "precision": 0.0,
    "recall": 0.0,
    "f1-score": 0.0,
    "support": 1.0
  },
  "accuracy": 0.15405405405405406,
  "macro avg": {
    "precision": 0.09307497282364895,
    "recall": 0.058537368045991314,
    "f1-score": 0.04970115338324278,
    "support": 370.0
  },
  "weighted avg": {
    "precision": 0.2032293498501036,
    "recall": 0.15405405405405406,
    "f1-score": 0.11342469789656323,
    "support": 370.0
  },
  "top3_acc": 0.38786279683377306,
  "top5_acc": 0.5329815303430079,
  "top10_acc": 0.6728232189973615,
  "top20_acc": 0.8153034300791556,
  "run_name": "lbpt_openj9_block9",
  "model_location": "/work/disa_lab/projects/triagerx/models/lbtp_dt_gc/lbtp_openj9_block9.pt"
}