{
  "0": {
    "precision": 0.1111111111111111,
    "recall": 0.04,
    "f1-score": 0.058823529411764705,
    "support": 25.0
  },
  "1": {
    "precision": 0.0,
    "recall": 0.0,
    "f1-score": 0.0,
    "support": 8.0
  },
  "2": {
    "precision": 0.0,
    "recall": 0.0,
    "f1-score": 0.0,
    "support": 0.0
  },
  "4": {
    "precision": 0.4444444444444444,
    "recall": 0.11428571428571428,
    "f1-score": 0.1818181818181818,
    "support": 35.0
  },
  "5": {
    "precision": 1.0,
    "recall": 0.16666666666666666,
    "f1-score": 0.2857142857142857,
    "support": 6.0
  },
  "6": {
    "precision": 0.0,
    "recall": 0.0,
    "f1-score": 0.0,
    "support": 0.0
  },
  "9": {
    "precision": 0.0,
    "recall": 0.0,
    "f1-score": 0.0,
    "support": 0.0
  },
  "10": {
    "precision": 0.0,
    "recall": 0.0,
    "f1-score": 0.0,
    "support": 0.0
  },
  "11": {
    "precision": 0.0,
    "recall": 0.0,
    "f1-score": 0.0,
    "support": 0.0
  },
  "13": {
    "precision": 0.0,
    "recall": 0.0,
    "f1-score": 0.0,
    "support": 0.0
  },
  "15": {
    "precision": 0.0,
    "recall": 0.0,
    "f1-score": 0.0,
    "support": 1.0
  },
  "16": {
    "precision": 0.2247191011235955,
    "recall": 0.18181818181818182,
    "f1-score": 0.20100502512562815,
    "support": 110.0
  },
  "17": {
    "precision": 0.0,
    "recall": 0.0,
    "f1-score": 0.0,
    "support": 1.0
  },
  "18": {
    "precision": 0.0,
    "recall": 0.0,
    "f1-score": 0.0,
    "support": 0.0
  },
  "19": {
    "precision": 0.0,
    "recall": 0.0,
    "f1-score": 0.0,
    "support": 0.0
  },
  "20": {
    "precision": 0.0,
    "recall": 0.0,
    "f1-score": 0.0,
    "support": 0.0
  },
  "22": {
    "precision": 0.0,
    "recall": 0.0,
    "f1-score": 0.0,
    "support": 0.0
  },
  "23": {
    "precision": 0.0,
    "recall": 0.0,
    "f1-score": 0.0,
    "support": 0.0
  },
  "24": {
    "precision": 0.0,
    "recall": 0.0,
    "f1-score": 0.0,
    "support": 0.0
  },
  "25": {
    "precision": 0.0,
    "recall": 0.0,
    "f1-score": 0.0,
    "support": 0.0
  },
  "26": {
    "precision": 0.0,
    "recall": 0.0,
    "f1-score": 0.0,
    "support": 1.0
  },
  "27": {
    "precision": 0.0,
    "recall": 0.0,
    "f1-score": 0.0,
    "support": 2.0
  },
  "28": {
    "precision": 0.0,
    "recall": 0.0,
    "f1-score": 0.0,
    "support": 0.0
  },
  "31": {
    "precision": 0.19672131147540983,
    "recall": 0.3870967741935484,
    "f1-score": 0.2608695652173913,
    "support": 62.0
  },
  "32": {
    "precision": 0.0,
    "recall": 0.0,
    "f1-score": 0.0,
    "support": 2.0
  },
  "33": {
    "precision": 0.0,
    "recall": 0.0,
    "f1-score": 0.0,
    "support": 0.0
  },
  "34": {
    "precision": 0.0,
    "recall": 0.0,
    "f1-score": 0.0,
    "support": 0.0
  },
  "35": {
    "precision": 0.0,
    "recall": 0.0,
    "f1-score": 0.0,
    "support": 7.0
  },
  "37": {
    "precision": 0.5,
    "recall": 0.14285714285714285,
    "f1-score": 0.22222222222222224,
    "support": 7.0
  },
  "38": {
    "precision": 0.0,
    "recall": 0.0,
    "f1-score": 0.0,
    "support": 4.0
  },
  "40": {
    "precision": 0.0,
    "recall": 0.0,
    "f1-score": 0.0,
    "support": 0.0
  },
  "41": {
    "precision": 0.7142857142857143,
    "recall": 0.15625,
    "f1-score": 0.25641025641025644,
    "support": 32.0
  },
  "42": {
    "precision": 0.03125,
    "recall": 0.058823529411764705,
    "f1-score": 0.04081632653061224,
    "support": 17.0
  },
  "43": {
    "precision": 0.0,
    "recall": 0.0,
    "f1-score": 0.0,
    "support": 21.0
  },
  "44": {
    "precision": 0.13333333333333333,
    "recall": 0.18181818181818182,
    "f1-score": 0.15384615384615383,
    "support": 11.0
  },
  "45": {
    "precision": 0.0,
    "recall": 0.0,
    "f1-score": 0.0,
    "support": 1.0
  },
  "47": {
    "precision": 0.0,
    "recall": 0.0,
    "f1-score": 0.0,
    "support": 0.0
  },
  "48": {
    "precision": 0.5,
    "recall": 0.5476190476190477,
    "f1-score": 0.5227272727272727,
    "support": 42.0
  },
  "49": {
    "precision": 0.2916666666666667,
    "recall": 0.1891891891891892,
    "f1-score": 0.22950819672131148,
    "support": 37.0
  },
  "52": {
    "precision": 0.0,
    "recall": 0.0,
    "f1-score": 0.0,
    "support": 0.0
  },
  "54": {
    "precision": 0.3162393162393162,
    "recall": 0.29133858267716534,
    "f1-score": 0.30327868852459017,
    "support": 127.0
  },
  "55": {
    "precision": 0.0,
    "recall": 0.0,
    "f1-score": 0.0,
    "support": 0.0
  },
  "56": {
    "precision": 0.6666666666666666,
    "recall": 0.08888888888888889,
    "f1-score": 0.1568627450980392,
    "support": 45.0
  },
  "57": {
    "precision": 0.0,
    "recall": 0.0,
    "f1-score": 0.0,
    "support": 1.0
  },
  "63": {
    "precision": 0.0,
    "recall": 0.0,
    "f1-score": 0.0,
    "support": 11.0
  },
  "64": {
    "precision": 0.17073170731707318,
    "recall": 0.15217391304347827,
    "f1-score": 0.16091954022988506,
    "support": 46.0
  },
  "65": {
    "precision": 0.3333333333333333,
    "recall": 0.2,
    "f1-score": 0.25,
    "support": 5.0
  },
  "66": {
    "precision": 0.0,
    "recall": 0.0,
    "f1-score": 0.0,
    "support": 13.0
  },
  "69": {
    "precision": 0.5,
    "recall": 0.037037037037037035,
    "f1-score": 0.06896551724137931,
    "support": 27.0
  },
  "70": {
    "precision": 0.0,
    "recall": 0.0,
    "f1-score": 0.0,
    "support": 6.0
  },
  "72": {
    "precision": 0.0,
    "recall": 0.0,
    "f1-score": 0.0,
    "support": 1.0
  },
  "73": {
    "precision": 0.0,
    "recall": 0.0,
    "f1-score": 0.0,
    "support": 1.0
  },
  "74": {
    "precision": 0.06896551724137931,
    "recall": 0.024691358024691357,
    "f1-score": 0.03636363636363636,
    "support": 81.0
  },
  "75": {
    "precision": 0.26666666666666666,
    "recall": 0.3582089552238806,
    "f1-score": 0.3057324840764331,
    "support": 67.0
  },
  "78": {
    "precision": 0.1,
    "recall": 1.0,
    "f1-score": 0.18181818181818182,
    "support": 2.0
  },
  "81": {
    "precision": 0.3333333333333333,
    "recall": 1.0,
    "f1-score": 0.5,
    "support": 1.0
  },
  "82": {
    "precision": 0.23529411764705882,
    "recall": 0.32,
    "f1-score": 0.2711864406779661,
    "support": 25.0
  },
  "83": {
    "precision": 0.0,
    "recall": 0.0,
    "f1-score": 0.0,
    "support": 0.0
  },
  "86": {
    "precision": 0.4222222222222222,
    "recall": 0.34545454545454546,
    "f1-score": 0.37999999999999995,
    "support": 55.0
  },
  "88": {
    "precision": 0.0,
    "recall": 0.0,
    "f1-score": 0.0,
    "support": 3.0
  },
  "90": {
    "precision": 0.0,
    "recall": 0.0,
    "f1-score": 0.0,
    "support": 24.0
  },
  "91": {
    "precision": 0.0,
    "recall": 0.0,
    "f1-score": 0.0,
    "support": 1.0
  },
  "92": {
    "precision": 0.0,
    "recall": 0.0,
    "f1-score": 0.0,
    "support": 10.0
  },
  "93": {
    "precision": 0.0,
    "recall": 0.0,
    "f1-score": 0.0,
    "support": 17.0
  },
  "94": {
    "precision": 0.0,
    "recall": 0.0,
    "f1-score": 0.0,
    "support": 9.0
  },
  "95": {
    "precision": 0.0,
    "recall": 0.0,
    "f1-score": 0.0,
    "support": 0.0
  },
  "96": {
    "precision": 0.23076923076923078,
    "recall": 0.24,
    "f1-score": 0.23529411764705882,
    "support": 25.0
  },
  "98": {
    "precision": 0.0,
    "recall": 0.0,
    "f1-score": 0.0,
    "support": 0.0
  },
  "100": {
    "precision": 0.0,
    "recall": 0.0,
    "f1-score": 0.0,
    "support": 0.0
  },
  "101": {
    "precision": 1.0,
    "recall": 0.125,
    "f1-score": 0.2222222222222222,
    "support": 8.0
  },
  "104": {
    "precision": 0.038461538461538464,
    "recall": 0.125,
    "f1-score": 0.058823529411764705,
    "support": 16.0
  },
  "105": {
    "precision": 0.0,
    "recall": 0.0,
    "f1-score": 0.0,
    "support": 10.0
  },
  "106": {
    "precision": 0.0,
    "recall": 0.0,
    "f1-score": 0.0,
    "support": 2.0
  },
  "108": {
    "precision": 0.0,
    "recall": 0.0,